time,open,high,low,close,volume,SMA_20,EMA_20
2020-01-02,6.21,6.21,6.21,6.21,0,,
2020-01-03,6.21,6.21,6.21,6.21,0,,
2020-01-06,6.21,6.21,6.21,6.21,0,,
2020-01-07,6.21,6.21,6.21,6.21,0,,
2020-01-08,6.21,6.21,6.21,6.21,0,,
2020-01-09,6.21,6.21,6.21,6.21,0,,
2020-01-10,6.21,6.21,6.21,6.21,0,,
2020-01-13,6.21,6.21,6.21,6.21,0,,
2020-01-14,6.21,6.21,6.21,6.21,0,,
2020-01-15,6.21,6.21,6.21,6.21,0,,
2020-01-16,6.21,6.21,6.21,6.21,0,,
2020-01-17,6.21,6.21,6.21,6.21,0,,
2020-01-20,6.21,6.21,6.21,6.21,0,,
2020-01-21,6.21,6.21,6.21,6.21,0,,
2020-01-22,6.21,6.21,6.21,6.21,0,,
2020-01-30,6.21,6.21,6.21,6.21,0,,
2020-01-31,6.21,6.21,6.21,6.21,0,,
2020-02-03,6.21,6.21,6.21,6.21,0,,
2020-02-04,6.21,6.21,6.21,6.21,0,,
2020-02-05,6.21,6.21,6.21,6.21,0,6.21,6.21
2020-02-06,6.21,6.21,6.21,6.21,0,6.21,6.21
2020-02-07,6.75,8.63,6.75,8.63,3900,6.331,6.4405
2020-02-10,6.81,8.63,8.63,8.63,0,6.452,6.649
2020-02-11,6.81,8.63,8.63,8.63,0,6.573,6.8377
2020-02-12,6.81,8.63,8.63,8.63,0,6.694,7.0084
2020-02-13,6.81,8.63,8.63,8.63,0,6.815,7.1628
2020-02-14,6.81,8.63,8.63,8.63,0,6.936,7.3025
2020-02-17,6.81,8.63,8.63,8.63,0,7.057,7.429
2020-02-18,6.81,8.63,8.63,8.63,0,7.178,7.5433
2020-02-19,6.81,8.63,8.63,8.63,0,7.299,7.6468
2020-02-20,6.81,8.63,8.63,8.63,0,7.42,7.7405
2020-02-21,6.81,8.63,8.63,8.63,0,7.541,7.8252
2020-02-24,6.81,8.63,8.63,8.63,0,7.662,7.9018
2020-02-25,6.81,8.63,8.63,8.63,0,7.783,7.9712
2020-02-26,6.81,8.63,8.63,8.63,0,7.904,8.0339
2020-02-27,6.81,8.63,8.63,8.63,0,8.025,8.0907
2020-02-28,6.81,8.63,8.63,8.63,0,8.146,8.1421
2020-03-02,6.81,8.63,8.63,8.63,0,8.267,8.1885
2020-03-03,6.81,8.63,8.63,8.63,0,8.388,8.2306
2020-03-04,6.81,8.63,8.63,8.63,0,8.509,8.2686
2020-03-05,6.81,8.63,8.63,8.63,0,8.63,8.303
2020-03-06,6.81,8.63,8.63,8.63,0,8.63,8.3342
2020-03-09,6.81,8.63,8.63,8.63,0,8.63,8.3623
2020-03-10,6.81,8.63,8.63,8.63,0,8.63,8.3878
2020-03-11,6.81,8.63,8.63,8.63,0,8.63,8.4109
2020-03-12,6.81,8.63,8.63,8.63,0,8.63,8.4318
2020-03-13,6.81,8.63,8.63,8.63,0,8.63,8.4506
2020-03-16,6.81,8.63,8.63,8.63,0,8.63,8.4677
2020-03-17,6.81,8.63,8.63,8.63,0,8.63,8.4832
2020-03-18,6.81,8.63,8.63,8.63,0,8.63,8.4972
2020-03-19,6.81,8.63,8.63,8.63,0,8.63,8.5098
2020-03-20,6.81,8.63,8.63,8.63,0,8.63,8.5213
2020-03-23,6.81,8.63,8.63,8.63,0,8.63,8.5316
2020-03-24,6.81,8.63,8.63,8.63,0,8.63,8.541
2020-03-25,6.81,8.63,8.63,8.63,0,8.63,8.5495
2020-03-26,6.81,8.63,8.63,8.63,0,8.63,8.5571
2020-03-27,6.81,8.63,8.63,8.63,0,8.63,8.5641
2020-03-30,6.81,8.63,8.63,8.63,0,8.63,8.5704
2020-03-31,6.81,8.63,8.63,8.63,0,8.63,8.576
2020-04-01,6.81,8.63,8.63,8.63,0,8.63,8.5812
2020-04-03,6.81,8.63,8.63,8.63,0,8.63,8.5858
2020-04-06,6.81,8.63,8.63,8.63,0,8.63,8.59
2020-04-07,6.81,8.63,8.63,8.63,0,8.63,8.5938
2020-04-08,6.81,8.63,8.63,8.63,0,8.63,8.5973
2020-04-09,6.81,8.63,8.63,8.63,0,8.63,8.6004
2020-04-10,9.11,9.11,9.11,9.11,100,8.654,8.6489
2020-04-13,9.11,9.11,9.11,9.11,0,8.678,8.6928
2020-04-14,9.11,9.11,9.11,9.11,0,8.702,8.7326
2020-04-15,9.11,9.11,9.11,9.11,0,8.726,8.7685
2020-04-16,8.63,8.63,8.63,8.63,300,8.726,8.7553
2020-04-17,8.63,8.63,8.63,8.63,0,8.726,8.7434
2020-04-20,9.11,9.11,9.11,9.11,1100,8.75,8.7783
2020-04-21,9.11,9.11,9.11,9.11,0,8.774,8.8099
2020-04-22,7.76,7.76,7.76,7.76,100,8.7305,8.7099
2020-04-23,7.76,7.76,7.76,7.76,0,8.687,8.6194
2020-04-24,7.76,7.76,7.76,7.76,0,8.6435,8.5376
2020-04-27,8.09,8.09,8.09,8.09,100,8.6165,8.495
2020-04-28,9.31,9.31,9.31,9.31,200,8.6505,8.5726
2020-04-29,9.31,9.31,9.31,9.31,0,8.6845,8.6428
2020-05-04,8.43,8.43,8.43,8.43,5500,8.6745,8.6225
2020-05-05,8.43,8.43,8.43,8.43,0,8.6645,8.6042
2020-05-06,9.11,9.11,9.11,9.11,100,8.6885,8.6524
2020-05-07,9.11,9.11,9.11,9.11,1200,8.7125,8.696
2020-05-08,9.11,9.11,9.11,9.11,800,8.7365,8.7354
2020-05-11,9.11,9.11,9.11,9.11,0,8.7605,8.7711
2020-05-12,9.11,9.11,9.11,9.11,1500,8.7605,8.8033
2020-05-13,9.11,9.11,9.11,9.11,0,8.7605,8.8326
2020-05-14,10.46,10.46,10.46,10.46,2000,8.828,8.9875
2020-05-15,10.46,10.46,10.46,10.46,0,8.8955,9.1278
2020-05-18,10.46,10.46,10.46,10.46,0,8.987,9.2547
2020-05-19,10.46,10.46,10.46,10.46,0,9.0785,9.3695
2020-05-20,10.46,10.46,10.46,10.46,0,9.146,9.4733
2020-05-21,10.46,10.46,10.46,10.46,2900,9.2135,9.5673
2020-05-22,10.46,10.46,10.46,10.46,0,9.3485,9.6523
2020-05-25,10.46,10.46,10.46,10.46,100,9.4835,9.7292
2020-05-26,10.46,10.46,10.46,10.46,0,9.6185,9.7988
2020-05-27,10.46,10.46,10.46,10.46,0,9.737,9.8618
2020-05-28,10.46,10.46,10.46,10.46,0,9.7945,9.9188
2020-05-29,10.46,10.46,10.46,10.46,0,9.852,9.9703
2020-06-01,10.46,10.46,10.46,10.46,0,9.9535,10.017
2020-06-02,10.46,10.46,10.46,10.46,0,10.055,10.0591
2020-06-03,10.46,10.46,10.46,10.46,0,10.1225,10.0973
2020-06-04,10.46,10.46,10.46,10.46,0,10.19,10.1319
2020-06-05,10.46,10.46,10.46,10.46,0,10.2575,10.1631
2020-06-08,10.46,10.46,10.46,10.46,100,10.325,10.1914
2020-06-09,10.46,10.46,10.46,10.46,0,10.3925,10.217
2020-06-10,10.46,10.46,10.46,10.46,0,10.46,10.2401
2020-06-11,11.02,11.02,11.02,11.02,100,10.488,10.3144
2020-06-12,11.02,11.02,11.02,11.02,0,10.516,10.3816
2020-06-15,11.02,11.02,11.02,11.02,0,10.544,10.4424
2020-06-16,11.02,11.02,11.02,11.02,0,10.572,10.4974
2020-06-17,11.02,11.02,11.02,11.02,0,10.6,10.5472
2020-06-18,11.02,11.02,11.02,11.02,0,10.628,10.5922
2020-06-19,11.02,11.02,11.02,11.02,0,10.656,10.6329
2020-06-22,11.02,11.02,11.02,11.02,0,10.684,10.6698
2020-06-23,11.02,11.02,11.02,11.02,0,10.712,10.7032
2020-06-24,11.02,11.02,11.02,11.02,0,10.74,10.7333
2020-06-25,11.02,11.02,11.02,11.02,0,10.768,10.7606
2020-06-26,11.02,11.02,11.02,11.02,0,10.796,10.7853
2020-06-29,11.02,11.02,11.02,11.02,0,10.824,10.8077
2020-06-30,11.02,11.02,11.02,11.02,0,10.852,10.8279
2020-07-01,11.02,11.02,11.02,11.02,0,10.88,10.8462
2020-07-02,11.02,11.02,11.02,11.02,0,10.908,10.8628
2020-07-03,11.02,11.02,11.02,11.02,0,10.936,10.8777
2020-07-06,11.02,11.02,11.02,11.02,0,10.964,10.8913
2020-07-07,11.02,11.02,11.02,11.02,200,10.992,10.9035
2020-07-08,11.02,11.02,11.02,11.02,0,11.02,10.9146
2020-07-09,11.02,11.02,11.02,11.02,0,11.02,10.9247
2020-07-10,11.02,11.02,11.02,11.02,0,11.02,10.9337
2020-07-13,11.02,11.02,11.02,11.02,100,11.02,10.942
2020-07-14,11.02,11.02,11.02,11.02,300,11.02,10.9494
2020-07-15,11.02,11.02,11.02,11.02,0,11.02,10.9561
2020-07-16,11.02,11.02,11.02,11.02,0,11.02,10.9622
2020-07-17,11.02,11.02,11.02,11.02,0,11.02,10.9677
2020-07-20,11.02,11.02,11.02,11.02,0,11.02,10.9727
2020-07-21,11.02,11.02,11.02,11.02,0,11.02,10.9772
2020-07-22,11.02,11.02,11.02,11.02,0,11.02,10.9813
2020-07-23,11.02,11.02,11.02,11.02,0,11.02,10.985
2020-07-24,11.02,11.02,11.02,11.02,0,11.02,10.9883
2020-07-27,11.02,11.02,11.02,11.02,0,11.02,10.9913
2020-07-28,11.02,11.02,11.02,11.02,0,11.02,10.994
2020-07-29,11.02,11.02,11.02,11.02,0,11.02,10.9965
2020-07-30,11.02,11.1,11.02,11.02,66200,11.02,10.9988
2020-07-31,11.1,11.02,11.02,11.02,0,11.02,11.0008
2020-08-03,11.1,11.02,11.02,11.02,0,11.02,11.0026
2020-08-04,11.1,11.02,11.02,11.02,0,11.02,11.0043
2020-08-05,9.46,9.46,9.46,9.46,100,10.942,10.8572
2020-08-06,9.46,9.46,9.46,9.46,0,10.864,10.7241
2020-08-07,9.46,9.46,9.46,9.46,0,10.786,10.6037
2020-08-10,9.46,9.46,9.46,9.46,0,10.708,10.4948
2020-08-11,10.81,10.81,10.81,10.81,100,10.6975,10.5248
2020-08-12,9.25,9.25,9.25,9.25,100,10.609,10.4034
2020-08-13,9.96,9.96,9.32,9.32,1400,10.524,10.3002
2020-08-14,9.96,9.96,9.96,9.96,2000,10.471,10.2678
2020-08-17,9.96,9.96,9.96,9.96,0,10.418,10.2385
2020-08-18,8.46,9.96,8.46,9.96,220,10.365,10.212
2020-08-19,9.25,9.96,9.96,9.96,0,10.312,10.188
2020-08-20,9.25,9.96,9.96,9.96,0,10.259,10.1663
2020-08-21,9.25,9.96,9.96,9.96,0,10.206,10.1466
2020-08-24,9.25,9.96,9.96,9.96,0,10.153,10.1289
2020-08-25,9.25,9.96,9.96,9.96,0,10.1,10.1128
2020-08-26,10.6,10.6,10.6,10.6,120,10.079,10.1592
2020-08-27,9.03,9.03,9.03,9.03,100,9.9795,10.0516
2020-08-28,9.03,9.03,9.03,9.03,0,9.88,9.9543
2020-08-31,9.03,9.03,9.03,9.03,0,9.7805,9.8663
2020-09-01,10.38,10.38,10.38,10.38,100,9.7485,9.9152
2020-09-03,10.38,10.38,10.38,10.38,0,9.7945,9.9595
2020-09-04,10.38,10.38,10.38,10.38,0,9.8405,9.9995
2020-09-07,10.38,10.38,10.38,10.38,0,9.8865,10.0358
2020-09-08,10.38,10.38,10.38,10.38,0,9.9325,10.0686
2020-09-09,10.38,10.38,10.38,10.38,0,9.911,10.0982
2020-09-10,10.38,10.38,10.38,10.38,0,9.9675,10.1251
2020-09-11,10.38,10.38,10.38,10.38,0,10.0205,10.1493
2020-09-14,10.38,10.38,10.38,10.38,0,10.0415,10.1713
2020-09-15,10.38,10.38,10.38,10.38,0,10.0625,10.1912
2020-09-16,10.38,10.38,10.38,10.38,0,10.0835,10.2092
2020-09-17,10.38,10.38,10.38,10.38,0,10.1045,10.2254
2020-09-18,10.38,10.38,10.38,10.38,0,10.1255,10.2402
2020-09-21,10.38,10.38,10.38,10.38,0,10.1465,10.2535
2020-09-22,10.38,10.38,10.38,10.38,0,10.1675,10.2655
2020-09-23,10.38,10.38,10.38,10.38,0,10.1885,10.2764
2020-09-24,10.38,10.38,10.38,10.38,0,10.1775,10.2863
2020-09-25,10.67,10.67,10.67,10.67,700,10.2595,10.3228
2020-09-28,10.67,10.67,10.67,10.67,0,10.3415,10.3559
2020-09-29,10.67,10.67,10.67,10.67,10,10.4235,10.3858
2020-09-30,10.67,10.67,10.67,10.67,5900,10.438,10.4129
2020-10-01,10.67,10.67,10.67,10.67,10,10.4525,10.4374
2020-10-02,10.67,10.67,10.67,10.67,200,10.467,10.4595
2020-10-05,10.67,10.67,10.67,10.67,0,10.4815,10.4796
2020-10-06,10.67,10.67,10.67,10.67,0,10.496,10.4977
2020-10-07,10.67,10.67,10.67,10.67,0,10.5105,10.5141
2020-10-08,10.67,10.67,10.67,10.67,0,10.525,10.529
2020-10-09,10.67,10.67,10.67,10.67,0,10.5395,10.5424
2020-10-12,10.67,10.67,10.67,10.67,0,10.554,10.5545
2020-10-13,10.67,10.67,10.67,10.67,0,10.5685,10.5655
2020-10-14,10.67,10.67,10.67,10.67,0,10.583,10.5755
2020-10-15,10.67,10.67,10.67,10.67,0,10.5975,10.5845
2020-10-16,10.67,10.67,10.67,10.67,0,10.612,10.5926
2020-10-19,10.67,10.67,10.67,10.67,0,10.6265,10.6
2020-10-20,10.67,10.67,10.67,10.67,0,10.641,10.6067
2020-10-21,10.67,10.67,10.67,10.67,0,10.6555,10.6127
2020-10-22,10.67,10.67,10.67,10.67,0,10.67,10.6182
2020-10-23,10.67,10.67,10.67,10.67,0,10.67,10.6231
2020-10-26,10.67,10.67,10.67,10.67,0,10.67,10.6276
2020-10-27,10.67,10.67,10.67,10.67,0,10.67,10.6316
2020-10-28,10.67,10.67,10.67,10.67,0,10.67,10.6353
2020-10-29,10.67,10.67,10.67,10.67,0,10.67,10.6386
2020-10-30,10.67,10.67,10.67,10.67,0,10.67,10.6416
2020-11-02,10.67,10.67,10.67,10.67,0,10.67,10.6443
2020-11-03,10.81,10.81,10.81,10.81,1900,10.677,10.6601
2020-11-04,10.81,10.81,10.81,10.81,0,10.684,10.6743
2020-11-05,10.81,10.81,10.81,10.81,200,10.691,10.6873
2020-11-06,10.81,10.81,10.81,10.81,7600,10.698,10.6989
2020-11-09,10.81,10.81,10.81,10.81,0,10.705,10.7095
2020-11-10,10.81,10.81,10.81,10.81,0,10.712,10.7191
2020-11-11,10.81,10.81,10.81,10.81,0,10.719,10.7277
2020-11-12,10.81,10.81,10.81,10.81,0,10.726,10.7356
2020-11-13,10.81,10.81,10.81,10.81,0,10.733,10.7427
2020-11-16,10.81,10.81,10.81,10.81,0,10.74,10.7491
2020-11-17,10.81,10.81,10.81,10.81,0,10.747,10.7549
2020-11-18,10.81,10.81,10.81,10.81,0,10.754,10.7601
2020-11-19,10.81,10.81,10.81,10.81,0,10.761,10.7649
2020-11-20,10.81,10.81,10.81,10.81,100,10.768,10.7692
2020-11-23,10.81,10.81,10.81,10.81,0,10.775,10.7731
2020-11-24,10.81,10.81,10.81,10.81,0,10.782,10.7766
2020-11-25,10.81,10.81,10.81,10.81,0,10.789,10.7798
2020-11-26,10.81,10.81,10.81,10.81,900,10.796,10.7826
2020-11-27,10.81,10.81,10.81,10.81,0,10.803,10.7853
2020-11-30,10.81,10.81,10.81,10.81,0,10.81,10.7876
2020-12-01,10.81,10.81,10.81,10.81,100,10.81,10.7897
2020-12-02,10.81,10.81,10.81,10.81,1100,10.81,10.7917
2020-12-03,10.81,10.81,10.81,10.81,100,10.81,10.7934
2020-12-04,10.81,10.81,10.81,10.81,0,10.81,10.795
2020-12-07,10.81,10.81,10.81,10.81,0,10.81,10.7964
2020-12-08,10.81,10.81,10.81,10.81,0,10.81,10.7977
2020-12-09,10.81,10.81,10.81,10.81,0,10.81,10.7989
2020-12-10,10.81,10.81,10.81,10.81,0,10.81,10.7999
2020-12-11,10.81,10.81,10.81,10.81,0,10.81,10.8009
2020-12-14,10.81,10.81,10.81,10.81,0,10.81,10.8018
2020-12-15,10.81,10.81,10.81,10.81,0,10.81,10.8026
2020-12-16,10.81,10.81,10.81,10.81,0,10.81,10.8033
2020-12-17,10.81,10.81,10.81,10.81,0,10.81,10.8039
2020-12-18,10.81,10.81,10.81,10.81,0,10.81,10.8045
2020-12-21,10.81,10.81,10.81,10.81,0,10.81,10.805
2020-12-22,10.81,10.81,10.81,10.81,0,10.81,10.8055
2020-12-23,10.81,10.81,10.81,10.81,0,10.81,10.8059
2020-12-24,10.81,10.81,10.81,10.81,0,10.81,10.8063
2020-12-25,10.81,10.81,10.81,10.81,0,10.81,10.8067
2020-12-28,10.81,10.81,10.81,10.81,0,10.81,10.807
2020-12-29,10.81,10.81,10.81,10.81,0,10.81,10.8073
2020-12-30,10.81,10.81,10.81,10.81,0,10.81,10.8075
2020-12-31,10.81,10.81,10.81,10.81,0,10.81,10.8078
2021-01-04,10.67,10.67,10.67,10.67,200,10.803,10.7946
2021-01-05,10.67,10.67,10.67,10.67,0,10.796,10.7828
2021-01-06,10.67,10.67,10.67,10.67,0,10.789,10.772
2021-01-07,10.67,10.67,10.67,10.67,0,10.782,10.7623
2021-01-08,10.67,10.67,10.67,10.67,0,10.775,10.7535
2021-01-11,10.67,10.67,10.67,10.67,0,10.768,10.7456
2021-01-12,10.67,10.67,10.67,10.67,0,10.761,10.7384
2021-01-13,10.67,10.67,10.67,10.67,0,10.754,10.7319
2021-01-14,10.67,10.67,10.67,10.67,0,10.747,10.726
2021-01-15,10.67,10.67,10.67,10.67,0,10.74,10.7206
2021-01-18,12.09,12.09,12.09,12.09,2400,10.804,10.8511
2021-01-19,12.09,12.09,12.09,12.09,0,10.868,10.969
2021-01-20,12.09,12.09,12.09,12.09,0,10.932,11.0758
2021-01-21,12.09,12.09,12.09,12.09,0,10.996,11.1724
2021-01-22,12.09,12.09,12.09,12.09,0,11.06,11.2598
2021-01-25,12.09,12.09,12.09,12.09,2600,11.124,11.3389
2021-01-26,12.09,12.09,12.09,12.09,0,11.188,11.4104
2021-01-27,12.09,12.09,12.09,12.09,0,11.252,11.4751
2021-01-28,12.09,12.09,12.09,12.09,0,11.316,11.5337
2021-01-29,12.8,12.8,12.8,12.8,100,11.4155,11.6543
2021-02-01,12.8,12.8,12.8,12.8,0,11.522,11.7634
2021-02-02,12.8,12.8,12.8,12.8,700,11.6285,11.8621
2021-02-03,12.8,12.8,12.8,12.8,0,11.735,11.9514
2021-02-04,12.8,12.8,12.8,12.8,0,11.8415,12.0323
2021-02-05,12.8,12.8,12.8,12.8,0,11.948,12.1054
2021-02-08,12.8,12.8,12.8,12.8,0,12.0545,12.1715
2021-02-09,12.8,12.8,12.8,12.8,0,12.161,12.2314
2021-02-17,12.8,12.8,12.8,12.8,0,12.2675,12.2855
2021-02-18,12.8,12.8,12.8,12.8,0,12.374,12.3345
2021-02-19,12.8,12.8,12.8,12.8,0,12.4805,12.3789
2021-02-22,12.8,12.8,12.8,12.8,0,12.516,12.419
2021-02-23,12.8,12.8,12.8,12.8,0,12.5515,12.4553
2021-02-24,12.8,12.8,12.8,12.8,0,12.587,12.4881
2021-02-25,12.8,12.8,12.8,12.8,0,12.6225,12.5178
2021-02-26,12.8,12.8,12.8,12.8,0,12.658,12.5447
2021-03-01,12.66,12.66,12.66,12.66,300,12.6865,12.5557
2021-03-02,12.66,12.66,12.66,12.66,0,12.715,12.5656
2021-03-03,12.66,12.66,12.66,12.66,0,12.7435,12.5746
2021-03-04,12.66,12.66,12.66,12.66,0,12.772,12.5827
2021-03-05,12.66,12.66,12.66,12.66,0,12.765,12.5901
2021-03-08,12.66,12.66,12.66,12.66,0,12.758,12.5967
2021-03-09,12.66,12.66,12.66,12.66,0,12.751,12.6028
2021-03-10,12.66,12.66,12.66,12.66,0,12.744,12.6082
2021-03-11,12.66,12.66,12.66,12.66,0,12.737,12.6131
2021-03-12,12.66,12.66,12.66,12.66,500,12.73,12.6176
2021-03-15,12.66,12.66,12.66,12.66,0,12.723,12.6216
2021-03-16,12.66,12.66,12.66,12.66,0,12.716,12.6253
2021-03-17,12.66,12.66,12.66,12.66,0,12.709,12.6286
2021-03-18,12.66,12.66,12.66,12.66,0,12.702,12.6316
2021-03-19,12.66,12.66,12.66,12.66,0,12.695,12.6343
2021-03-22,12.66,12.66,12.66,12.66,0,12.688,12.6367
2021-03-23,12.66,12.66,12.66,12.66,0,12.681,12.639
2021-03-24,12.66,12.66,12.66,12.66,0,12.674,12.641
2021-03-25,12.66,12.66,12.66,12.66,0,12.667,12.6428
2021-03-26,12.66,12.66,12.66,12.66,0,12.66,12.6444
2021-03-29,12.66,12.66,12.66,12.66,0,12.66,12.6459
2021-03-30,12.66,12.66,12.66,12.66,0,12.66,12.6472
2021-03-31,12.66,12.66,12.66,12.66,0,12.66,12.6485
2021-04-01,12.66,12.66,12.66,12.66,0,12.66,12.6496
2021-04-02,12.66,12.66,12.66,12.66,0,12.66,12.6506
2021-04-05,12.66,12.66,12.66,12.66,0,12.66,12.6515
2021-04-06,10.81,10.81,10.81,10.81,100,12.5675,12.4761
2021-04-07,10.81,10.81,10.81,10.81,0,12.475,12.3174
2021-04-08,10.81,10.81,10.81,10.81,0,12.3825,12.1738
2021-04-09,10.81,10.81,10.81,10.81,0,12.29,12.044
2021-04-12,10.81,10.81,10.81,10.81,0,12.1975,11.9264
2021-04-13,12.31,12.31,12.31,12.31,400,12.18,11.963
2021-04-14,12.31,12.31,12.31,12.31,0,12.1625,11.996
2021-04-15,12.31,12.31,12.31,12.31,0,12.145,12.0259
2021-04-16,12.31,12.31,12.31,12.31,0,12.1275,12.053
2021-04-19,12.31,12.31,12.31,12.31,0,12.11,12.0775
2021-04-20,12.31,12.31,12.31,12.31,0,12.0925,12.0996
2021-04-22,12.31,12.31,12.31,12.31,0,12.075,12.1196
2021-04-23,12.31,12.31,12.31,12.31,100,12.0575,12.1378
2021-04-26,12.31,12.31,12.31,12.31,0,12.04,12.1542
2021-04-27,12.31,12.31,12.31,12.31,0,12.0225,12.169
2021-04-28,12.31,12.31,12.31,12.31,0,12.005,12.1824
2021-04-29,12.31,12.31,12.31,12.31,0,11.9875,12.1946
2021-05-04,12.31,12.31,12.31,12.31,0,11.97,12.2056
2021-05-05,12.31,12.31,12.31,12.31,0,11.9525,12.2155
2021-05-06,12.31,12.31,12.31,12.31,0,11.935,12.2245
2021-05-07,12.31,12.31,12.31,12.31,0,12.01,12.2327
2021-05-10,12.31,12.31,12.31,12.31,0,12.085,12.24
2021-05-11,12.31,12.31,12.31,12.31,0,12.16,12.2467
2021-05-12,12.31,12.31,12.31,12.31,0,12.235,12.2527
2021-05-13,12.31,12.31,12.31,12.31,0,12.31,12.2582
2021-05-14,12.31,12.31,12.31,12.31,0,12.31,12.2631
2021-05-17,12.31,12.31,12.31,12.31,0,12.31,12.2676
2021-05-18,12.31,12.31,12.31,12.31,0,12.31,12.2716
2021-05-19,12.31,12.31,12.31,12.31,0,12.31,12.2753
2021-05-20,12.31,12.31,12.31,12.31,0,12.31,12.2786
2021-05-21,12.31,12.31,12.31,12.31,0,12.31,12.2816
2021-05-24,12.31,12.31,12.31,12.31,0,12.31,12.2843
2021-05-25,12.31,12.31,12.31,12.31,0,12.31,12.2867
2021-05-26,12.31,12.31,12.31,12.31,0,12.31,12.2889
2021-05-27,12.31,12.31,12.31,12.31,0,12.31,12.291
2021-05-28,12.31,12.31,12.31,12.31,0,12.31,12.2928
2021-05-31,12.31,12.31,12.31,12.31,0,12.31,12.2944
2021-06-01,12.31,12.31,12.31,12.31,0,12.31,12.2959
2021-06-02,12.31,12.31,12.31,12.31,0,12.31,12.2972
2021-06-03,12.31,12.31,12.31,12.31,0,12.31,12.2985
2021-06-04,12.31,12.31,12.31,12.31,0,12.31,12.2996
2021-06-07,12.31,12.31,12.31,12.31,0,12.31,12.3005
2021-06-08,12.31,12.31,12.31,12.31,0,12.31,12.3014
2021-06-09,12.31,12.31,12.31,12.31,0,12.31,12.3023
2021-06-10,12.31,12.31,12.31,12.31,0,12.31,12.303
2021-06-11,12.31,12.31,12.31,12.31,0,12.31,12.3037
2021-06-14,12.31,12.31,12.31,12.31,0,12.31,12.3043
2021-06-15,12.31,12.31,12.31,12.31,0,12.31,12.3048
2021-06-16,12.31,12.31,12.31,12.31,0,12.31,12.3053
2021-06-17,12.31,12.31,12.31,12.31,0,12.31,12.3058
2021-06-18,12.31,12.31,12.31,12.31,0,12.31,12.3062
2021-06-21,12.31,12.31,12.31,12.31,0,12.31,12.3065
2021-06-22,12.31,12.31,12.31,12.31,0,12.31,12.3069
2021-06-23,12.31,12.31,12.31,12.31,0,12.31,12.3072
2021-06-24,12.31,12.31,12.31,12.31,0,12.31,12.3074
2021-06-25,12.31,12.31,12.31,12.31,0,12.31,12.3077
2021-06-28,12.31,12.31,12.31,12.31,0,12.31,12.3079
2021-06-29,12.31,12.31,12.31,12.31,0,12.31,12.3081
2021-06-30,12.31,12.31,12.31,12.31,0,12.31,12.3083
2021-07-01,12.31,12.31,12.31,12.31,0,12.31,12.3084
2021-07-02,12.31,12.31,12.31,12.31,0,12.31,12.3086
2021-07-05,12.31,12.31,12.31,12.31,0,12.31,12.3087
2021-07-06,12.31,12.31,12.09,12.09,2400,12.299,12.2879
2021-07-07,12.09,12.09,11.95,11.95,1300,12.281,12.2557
2021-07-08,11.95,11.95,11.95,11.95,0,12.263,12.2266
2021-07-09,11.95,11.95,11.74,11.74,2200,12.2345,12.1803
2021-07-12,11.45,11.45,11.45,11.45,1000,12.1915,12.1107
2021-07-13,11.74,11.74,11.74,11.74,100,12.163,12.0754
2021-07-14,11.74,11.74,11.74,11.74,0,12.1345,12.0435
2021-07-15,11.74,11.74,11.74,11.74,0,12.106,12.0146
2021-07-16,11.74,11.74,11.74,11.74,0,12.0775,11.9884
2021-07-19,11.74,11.74,11.74,11.74,0,12.049,11.9648
2021-07-20,11.74,11.74,11.74,11.74,0,12.0205,11.9433
2021-07-21,11.74,11.74,11.74,11.74,0,11.992,11.924
2021-07-22,13.16,13.16,13.16,13.16,100,12.0345,12.0417
2021-07-23,13.16,13.91,13.91,13.91,0,12.1145,12.2196
2021-07-26,13.16,13.91,13.91,13.91,0,12.1945,12.3806
2021-07-27,13.16,13.91,13.91,13.91,0,12.2745,12.5263
2021-07-28,12.63,12.63,12.63,12.63,800,12.2905,12.5362
2021-07-29,12.63,12.63,12.63,12.63,0,12.3065,12.5451
2021-07-30,12.63,12.63,12.63,12.63,0,12.3225,12.5532
2021-08-02,12.63,12.63,12.63,12.63,0,12.3385,12.5605
2021-08-03,12.78,12.78,12.78,12.78,400,12.373,12.5814
2021-08-04,12.78,12.78,12.78,12.78,0,12.4145,12.6003
2021-08-05,12.78,12.78,12.78,12.78,0,12.456,12.6174
2021-08-06,12.78,12.78,12.78,12.78,0,12.508,12.6329
2021-08-09,12.78,12.78,12.78,12.78,0,12.5745,12.6469
2021-08-10,12.78,12.78,12.78,12.78,0,12.6265,12.6596
2021-08-11,13.16,13.16,13.16,13.16,100,12.6975,12.7073
2021-08-12,13.16,13.16,13.16,13.16,0,12.7685,12.7504
2021-08-13,13.16,13.16,13.16,13.16,0,12.8395,12.7894
2021-08-16,13.16,13.16,13.16,13.16,0,12.9105,12.8247
2021-08-17,13.16,13.16,13.16,13.16,0,12.9815,12.8566
2021-08-18,13.16,13.16,13.16,13.16,0,13.0525,12.8855
2021-08-19,13.16,13.16,13.16,13.16,0,13.0525,12.9116
2021-08-20,13.16,13.16,13.16,13.16,0,13.015,12.9353
2021-08-23,13.16,13.16,13.16,13.16,0,12.9775,12.9567
2021-08-24,13.16,13.16,13.16,13.16,0,12.94,12.9761
2021-08-25,13.16,13.16,13.16,13.16,0,12.9665,12.9936
2021-08-26,13.16,13.16,13.16,13.16,0,12.993,13.0094
2021-08-27,13.16,13.16,13.16,13.16,0,13.0195,13.0238
2021-08-30,13.16,13.16,13.16,13.16,0,13.046,13.0367
2021-08-31,13.16,13.16,13.16,13.16,0,13.065,13.0485
2021-09-01,13.16,13.16,13.16,13.16,0,13.084,13.0591
2021-09-06,13.16,13.16,13.16,13.16,0,13.103,13.0687
2021-09-07,13.16,13.16,13.16,13.16,0,13.122,13.0774
2021-09-08,13.16,13.16,13.16,13.16,0,13.141,13.0853
2021-09-09,13.16,13.16,13.16,13.16,0,13.16,13.0924
2021-09-10,13.16,13.16,13.16,13.16,0,13.16,13.0988
2021-09-13,13.16,13.16,13.16,13.16,0,13.16,13.1047
2021-09-14,13.16,13.16,13.16,13.16,0,13.16,13.1099
2021-09-15,13.16,13.16,13.16,13.16,0,13.16,13.1147
2021-09-16,13.16,13.16,13.16,13.16,0,13.16,13.119
2021-09-17,13.16,13.16,13.16,13.16,0,13.16,13.1229
2021-09-20,13.16,13.16,13.16,13.16,0,13.16,13.1264
2021-09-21,13.16,13.16,13.16,13.16,0,13.16,13.1296
2021-09-22,13.16,13.16,13.16,13.16,0,13.16,13.1325
2021-09-23,13.16,13.16,13.16,13.16,0,13.16,13.1351
2021-09-24,8.65,8.65,8.65,8.65,100,12.9345,12.708
2021-09-27,8.65,8.65,8.65,8.65,0,12.709,12.3215
2021-09-28,8.65,8.65,8.65,8.65,0,12.4835,11.9718
2021-09-29,8.65,8.65,8.65,8.65,0,12.258,11.6555
2021-09-30,8.65,8.65,8.65,8.65,0,12.0325,11.3692
2021-10-01,8.65,8.65,8.65,8.65,0,11.807,11.1103
2021-10-04,8.65,8.65,8.65,8.65,0,11.5815,10.876
2021-10-05,8.65,8.65,8.65,8.65,0,11.356,10.664
2021-10-06,8.65,8.65,8.65,8.65,0,11.1305,10.4722
2021-10-07,8.65,8.65,8.65,8.65,0,10.905,10.2986
2021-10-08,8.65,8.65,8.65,8.65,0,10.6795,10.1416
2021-10-11,8.65,8.65,8.65,8.65,0,10.454,9.9995
2021-10-12,8.65,8.65,8.65,8.65,0,10.2285,9.871
2021-10-13,8.65,8.65,8.65,8.65,0,10.003,9.7547
2021-10-14,8.65,8.65,8.65,8.65,0,9.7775,9.6495
2021-10-15,8.65,8.65,8.65,8.65,0,9.552,9.5543
2021-10-18,8.65,8.65,8.65,8.65,0,9.3265,9.4682
2021-10-19,8.65,8.65,8.65,8.65,0,9.101,9.3903
2021-10-20,8.65,8.65,8.65,8.65,0,8.8755,9.3198
2021-10-21,8.65,8.65,8.65,8.65,0,8.65,9.256
2021-10-22,8.65,8.65,8.65,8.65,0,8.65,9.1983
2021-10-25,8.65,8.65,8.65,8.65,0,8.65,9.1461
2021-10-26,8.65,8.65,8.65,8.65,0,8.65,9.0988
2021-10-27,8.65,8.65,8.65,8.65,0,8.65,9.0561
2021-10-28,8.65,8.65,8.65,8.65,0,8.65,9.0174
2021-10-29,8.65,8.65,8.65,8.65,0,8.65,8.9824
2021-11-01,8.65,8.65,8.65,8.65,0,8.65,8.9507
2021-11-02,8.65,8.65,8.65,8.65,0,8.65,8.9221
2021-11-03,12.11,12.11,12.11,12.11,5000,8.823,9.2257
2021-11-04,13.92,13.92,13.36,13.92,3500,9.0865,9.6728
2021-11-05,15.8,15.8,15.8,15.8,500,9.444,10.2563
2021-11-08,15.33,18.08,15.33,18.08,2000,9.9155,11.0014
2021-11-09,18.0,18.08,18.0,18.08,800,10.387,11.6756
2021-11-10,18.08,18.08,18.08,18.08,0,10.8585,12.2855
2021-11-11,18.08,18.08,18.08,18.08,0,11.33,12.8374
2021-11-12,18.16,18.16,18.16,18.16,200,11.8055,13.3443
2021-11-15,18.16,18.16,18.16,18.16,0,12.281,13.8029
2021-11-16,18.16,18.16,18.16,18.16,0,12.7565,14.2179
2021-11-17,18.16,18.16,18.16,18.16,0,13.232,14.5933
2021-11-18,18.16,18.16,18.16,18.16,20,13.7075,14.933
2021-11-19,18.08,20.68,18.08,20.68,1100,14.309,15.4804
2021-11-22,18.32,18.32,18.32,18.32,100,14.7925,15.7508
2021-11-23,20.91,20.91,20.91,20.91,100,15.4055,16.2421
2021-11-24,21.93,21.93,21.93,21.93,100,16.0695,16.7838
2021-11-25,25.08,25.08,18.71,25.08,700,16.891,17.574
2021-11-26,17.45,17.45,17.45,17.45,1500,17.331,17.5622
2021-11-29,14.86,18.0,14.86,18.0,2000,17.7985,17.6039
2021-11-30,17.22,17.22,17.22,17.22,600,18.227,17.5673
2021-12-01,17.22,17.22,17.22,17.22,0,18.4825,17.5342
2021-12-02,19.18,19.18,18.87,18.87,600,18.73,17.6614
2021-12-03,19.1,19.1,19.1,19.1,0,18.895,17.7984
2021-12-06,19.1,19.1,19.1,19.1,0,18.946,17.9224
2021-12-07,19.1,19.1,19.1,19.1,0,18.997,18.0346
2021-12-08,18.47,21.23,17.69,17.69,5600,18.9775,18.0017
2021-12-09,17.69,17.69,17.69,17.69,100,18.958,17.972
2021-12-10,17.69,17.69,17.69,17.69,600,18.9345,17.9452
2021-12-13,17.69,17.69,17.69,17.69,1600,18.911,17.9209
2021-12-14,17.77,17.77,17.69,17.69,200,18.8875,17.8989
2021-12-15,17.77,17.77,17.77,17.77,0,18.868,17.8866
2021-12-16,17.77,17.77,17.77,17.77,3000,18.8485,17.8755
2021-12-17,18.71,18.71,18.71,18.71,100,18.75,17.955
2021-12-20,18.71,18.71,18.71,18.71,0,18.7695,18.0269
2021-12-21,18.71,18.71,18.71,18.71,10900,18.6595,18.092
2021-12-22,21.38,21.38,18.71,18.71,200,18.4985,18.1508
2021-12-23,20.05,20.05,18.87,18.87,4600,18.188,18.2193
2021-12-24,18.87,18.87,18.87,18.87,2500,18.259,18.2813
2021-12-27,18.87,18.87,18.87,18.87,0,18.3025,18.3373
2021-12-28,18.87,18.87,18.87,18.87,0,18.385,18.3881
2021-12-29,18.87,18.87,18.87,18.87,0,18.4675,18.434
2021-12-30,18.87,18.87,18.87,18.87,0,18.4675,18.4755
2021-12-31,18.87,18.87,18.87,18.87,0,18.456,18.5131
2022-01-04,18.87,18.87,18.87,18.87,0,18.4445,18.5471
2022-01-05,18.87,18.87,18.87,18.87,0,18.433,18.5778
2022-01-06,18.87,18.87,18.87,18.87,0,18.492,18.6056
2022-01-07,18.87,18.87,18.87,18.87,0,18.551,18.6308
2022-01-10,18.87,18.87,18.87,18.87,0,18.61,18.6536
2022-01-11,18.87,18.87,18.87,18.87,0,18.669,18.6742
2022-01-12,18.87,18.87,18.87,18.87,0,18.728,18.6929
2022-01-13,18.87,18.87,18.87,18.87,0,18.783,18.7097
2022-01-14,18.87,18.87,18.87,18.87,0,18.838,18.725
2022-01-17,18.87,18.87,18.87,18.87,0,18.846,18.7388
2022-01-18,18.87,18.87,18.87,18.87,0,18.854,18.7513
2022-01-19,18.87,18.87,18.87,18.87,0,18.862,18.7626
2022-01-20,18.87,18.87,18.87,18.87,0,18.87,18.7728
2022-01-21,18.87,18.87,18.87,18.87,0,18.87,18.7821
2022-01-24,18.87,18.87,18.87,18.87,0,18.87,18.7905
2022-01-25,18.87,18.87,18.87,18.87,0,18.87,18.798
2022-01-26,18.87,18.87,18.87,18.87,0,18.87,18.8049
2022-01-27,18.87,18.87,18.87,18.87,0,18.87,18.8111
2022-01-28,18.87,18.87,18.87,18.87,0,18.87,18.8167
2022-02-07,18.87,18.87,18.87,18.87,0,18.87,18.8218
2022-02-08,18.87,18.87,18.87,18.87,0,18.87,18.8264
2022-02-09,26.34,26.34,26.34,26.34,100,19.2435,19.542
2022-02-10,26.34,26.34,26.34,26.34,0,19.617,20.1894
2022-02-11,26.34,26.34,26.34,26.34,0,19.9905,20.7752
2022-02-14,26.34,26.34,26.34,26.34,0,20.364,21.3051
2022-02-15,22.41,22.41,22.41,22.41,200,20.541,21.4104
2022-02-16,20.05,23.58,20.05,23.58,1300,20.7765,21.617
2022-02-17,22.01,22.01,22.01,22.01,1000,20.9335,21.6544
2022-02-18,22.01,22.01,22.01,22.01,0,21.0905,21.6883
2022-02-21,22.01,22.01,22.01,22.01,0,21.2475,21.7189
2022-02-22,22.01,22.01,22.01,22.01,0,21.4045,21.7467
2022-02-23,22.01,22.01,22.01,22.01,0,21.5615,21.7717
2022-02-24,22.01,22.01,22.01,22.01,0,21.7185,21.7944
2022-02-25,22.01,22.01,22.01,22.01,0,21.8755,21.815
2022-02-28,22.01,22.01,22.01,22.01,0,22.0325,21.8335
2022-03-01,22.01,22.01,22.01,22.01,0,22.1895,21.8503
2022-03-02,22.01,22.01,22.01,22.01,0,22.3465,21.8655
2022-03-03,22.01,22.01,22.01,22.01,0,22.5035,21.8793
2022-03-04,22.01,22.01,22.01,22.01,0,22.6605,21.8917
2022-03-07,22.01,22.01,22.01,22.01,0,22.8175,21.903
2022-03-08,22.01,22.01,22.01,22.01,0,22.9745,21.9132
2022-03-09,22.01,22.01,22.01,22.01,0,22.758,21.9224
2022-03-10,22.01,22.01,22.01,22.01,0,22.5415,21.9308
2022-03-11,22.01,22.01,22.01,22.01,0,22.325,21.9383
2022-03-14,22.01,22.01,22.01,22.01,0,22.1085,21.9451
2022-03-15,22.01,22.01,22.01,22.01,0,22.0885,21.9513
2022-03-16,22.01,22.01,22.01,22.01,0,22.01,21.9569
2022-03-17,22.01,22.01,22.01,22.01,0,22.01,21.962
2022-03-18,22.01,22.01,22.01,22.01,0,22.01,21.9665
2022-03-21,22.01,22.01,22.01,22.01,0,22.01,21.9707
2022-03-22,22.01,22.01,22.01,22.01,0,22.01,21.9744
2022-03-23,22.01,22.01,22.01,22.01,0,22.01,21.9778
2022-03-24,22.01,22.01,22.01,22.01,0,22.01,21.9809
2022-03-25,22.01,22.01,22.01,22.01,0,22.01,21.9836
2022-03-28,22.01,22.01,22.01,22.01,0,22.01,21.9862
2022-03-29,22.01,22.01,22.01,22.01,0,22.01,21.9884
2022-03-30,22.01,22.01,22.01,22.01,0,22.01,21.9905
2022-03-31,22.01,22.01,22.01,22.01,0,22.01,21.9923
2022-04-01,22.01,22.01,22.01,22.01,0,22.01,21.994
2022-04-04,22.01,22.01,22.01,22.01,0,22.01,21.9955
2022-04-05,22.01,22.01,22.01,22.01,0,22.01,21.9969
2022-04-06,22.01,22.01,22.01,22.01,0,22.01,21.9982
2022-04-07,22.01,22.01,22.01,22.01,0,22.01,21.9993
2022-04-08,22.01,22.01,22.01,22.01,0,22.01,22.0003
2022-04-12,22.01,22.01,22.01,22.01,0,22.01,22.0012
2022-04-13,22.01,22.01,22.01,22.01,0,22.01,22.0021
2022-04-14,22.01,22.01,22.01,22.01,0,22.01,22.0028
2022-04-15,22.01,22.01,22.01,22.01,0,22.01,22.0035
2022-04-18,22.01,22.01,22.01,22.01,0,22.01,22.0041
2022-04-19,22.01,22.01,22.01,22.01,0,22.01,22.0047
2022-04-20,22.01,22.01,22.01,22.01,0,22.01,22.0052
2022-04-21,22.01,22.01,22.01,22.01,0,22.01,22.0057
2022-04-22,22.01,22.01,22.01,22.01,0,22.01,22.0061
2022-04-25,19.65,19.65,18.87,18.87,3600,21.853,21.7074
2022-04-26,19.65,19.65,19.65,19.65,100,21.735,21.5114
2022-04-27,19.65,19.65,19.65,19.65,1600,21.617,21.3342
2022-04-28,19.65,19.65,19.65,19.65,0,21.499,21.1738
2022-04-29,19.65,19.65,19.65,19.65,0,21.381,21.0287
2022-05-04,22.56,22.56,22.56,22.56,300,21.4085,21.1745
2022-05-05,22.56,22.56,22.56,22.56,0,21.436,21.3064
2022-05-06,22.56,22.56,22.56,22.56,0,21.4635,21.4258
2022-05-09,22.56,22.56,22.56,22.56,0,21.491,21.5338
2022-05-10,19.65,19.65,19.65,19.65,1300,21.373,21.3544
2022-05-11,19.65,19.65,19.65,19.65,1700,21.255,21.1921
2022-05-12,19.65,19.65,19.65,19.65,0,21.137,21.0452
2022-05-13,19.65,19.65,19.65,19.65,0,21.019,20.9124
2022-05-16,19.65,19.65,19.65,19.65,200,20.901,20.7921
2022-05-17,19.65,19.65,19.65,19.65,0,20.783,20.6834
2022-05-18,19.65,19.65,19.65,19.65,0,20.665,20.5849
2022-05-19,19.65,19.65,19.65,19.65,0,20.547,20.4959
2022-05-20,19.65,19.65,19.65,19.65,0,20.429,20.4153
2022-05-23,19.65,19.65,19.65,19.65,0,20.311,20.3425
2022-05-24,19.65,19.65,19.65,19.65,0,20.193,20.2765
2022-05-25,19.65,19.65,19.65,19.65,0,20.232,20.2168
2022-05-26,19.65,19.65,19.65,19.65,0,20.232,20.1629
2022-05-27,19.65,19.65,19.65,19.65,0,20.232,20.114
2022-05-30,22.56,22.56,22.56,22.56,100,20.3775,20.347
2022-05-31,22.56,22.56,22.56,22.56,0,20.523,20.5577
2022-06-01,22.56,22.56,22.56,22.56,0,20.523,20.7484
2022-06-02,19.65,19.65,19.65,19.65,200,20.3775,20.6438
2022-06-03,19.65,19.65,19.65,19.65,0,20.232,20.5492
2022-06-06,19.65,19.65,19.65,19.65,0,20.0865,20.4635
2022-06-07,19.65,19.65,19.65,19.65,0,20.0865,20.386
2022-06-08,19.65,19.65,19.65,19.65,0,20.0865,20.3159
2022-06-09,19.65,19.65,19.65,19.65,0,20.0865,20.2525
2022-06-10,19.65,19.65,19.65,19.65,0,20.0865,20.1951
2022-06-13,19.65,19.65,19.65,19.65,0,20.0865,20.1432
2022-06-14,19.65,19.65,19.65,19.65,0,20.0865,20.0962
2022-06-15,20.39,20.39,20.39,20.39,1400,20.1235,20.1242
2022-06-16,20.39,20.39,20.39,20.39,0,20.1605,20.1495
2022-06-17,20.39,20.39,20.39,20.39,0,20.1975,20.1724
2022-06-20,20.39,20.39,20.39,20.39,0,20.2345,20.1932
2022-06-21,20.39,20.39,20.39,20.39,0,20.2715,20.2119
2022-06-22,20.39,20.39,20.39,20.39,0,20.3085,20.2289
2022-06-23,20.39,20.39,20.39,20.39,0,20.3455,20.2442
2022-06-24,20.39,20.39,20.39,20.39,0,20.3825,20.2581
2022-06-27,20.39,20.39,20.39,20.39,0,20.274,20.2707
2022-06-28,20.39,20.39,20.39,20.39,0,20.1655,20.282
2022-06-29,20.39,20.39,20.39,20.39,0,20.057,20.2923
2022-06-30,20.39,20.39,20.39,20.39,0,20.094,20.3016
2022-07-01,20.39,20.39,20.39,20.39,0,20.131,20.31
2022-07-04,20.39,20.39,20.39,20.39,0,20.168,20.3176
2022-07-05,20.39,20.39,20.39,20.39,0,20.205,20.3245
2022-07-06,20.39,20.39,20.39,20.39,0,20.242,20.3308
2022-07-07,20.39,20.39,20.39,20.39,0,20.279,20.3364
2022-07-08,20.39,20.39,20.39,20.39,0,20.316,20.3415
2022-07-11,20.39,20.39,20.39,20.39,0,20.353,20.3461
2022-07-12,20.39,20.39,20.39,20.39,0,20.39,20.3503
2022-07-13,20.39,20.39,20.39,20.39,0,20.39,20.3541
2022-07-14,19.74,19.74,19.74,19.74,1000,20.3575,20.2956
2022-07-15,19.74,19.74,19.74,19.74,0,20.325,20.2427
2022-07-18,19.74,19.74,19.74,19.74,0,20.2925,20.1948
2022-07-19,19.74,19.74,19.74,19.74,0,20.26,20.1515
2022-07-20,19.74,19.74,19.74,19.74,0,20.2275,20.1123
2022-07-21,19.74,19.74,19.74,19.74,0,20.195,20.0769
2022-07-22,19.74,19.74,19.74,19.74,0,20.1625,20.0448
2022-07-25,19.74,19.74,19.74,19.74,0,20.13,20.0157
2022-07-26,19.74,19.74,19.74,19.74,2400,20.0975,19.9895
2022-07-27,19.74,19.74,19.74,19.74,0,20.065,19.9657
2022-07-28,19.74,19.74,19.74,19.74,0,20.0325,19.9442
2022-07-29,19.74,19.74,19.74,19.74,0,20.0,19.9248
2022-08-01,18.76,18.76,18.76,18.76,1700,19.9185,19.8138
2022-08-02,18.76,18.76,18.76,18.76,0,19.837,19.7135
2022-08-03,18.76,18.76,18.76,18.76,0,19.7555,19.6227
2022-08-04,18.76,18.76,18.76,18.76,0,19.674,19.5405
2022-08-05,18.76,18.76,18.76,18.76,0,19.5925,19.4662
2022-08-08,18.76,18.76,18.76,18.76,0,19.511,19.3989
2022-08-09,18.76,18.76,18.76,18.76,0,19.4295,19.3381
2022-08-10,18.76,18.76,18.76,18.76,0,19.348,19.283
2022-08-11,18.76,18.76,18.76,18.76,0,19.299,19.2332
2022-08-12,18.76,18.76,18.76,18.76,0,19.25,19.1881
2022-08-15,18.76,18.76,18.76,18.76,0,19.201,19.1474
2022-08-16,18.76,18.76,18.76,18.76,0,19.152,19.1105
2022-08-17,18.76,18.76,18.76,18.76,0,19.103,19.0771
2022-08-18,18.76,18.76,18.76,18.76,0,19.054,19.0469
2022-08-19,18.76,18.76,18.76,18.76,0,19.005,19.0196
2022-08-22,18.76,18.76,18.76,18.76,0,18.956,18.9949
2022-08-23,18.76,18.76,18.76,18.76,0,18.907,18.9725
2022-08-24,19.16,19.16,19.0,19.0,3600,18.87,18.9751
2022-08-25,19.08,19.08,19.08,19.08,0,18.837,18.9851
2022-08-26,19.08,19.08,19.08,19.08,0,18.804,18.9941
2022-08-29,19.08,19.08,19.08,19.08,0,18.82,19.0023
2022-08-30,19.08,19.08,19.08,19.08,0,18.836,19.0097
2022-08-31,19.08,19.08,19.08,19.08,0,18.852,19.0164
2022-09-05,19.08,19.08,19.08,19.08,0,18.868,19.0225
2022-09-06,19.08,19.08,19.08,19.08,0,18.884,19.0279
2022-09-07,19.08,19.08,19.08,19.08,0,18.9,19.0329
2022-09-08,19.08,19.08,19.08,19.08,0,18.916,19.0374
2022-09-09,19.08,19.08,19.08,19.08,0,18.932,19.0414
2022-09-12,19.08,19.08,19.08,19.08,0,18.948,19.0451
2022-09-13,19.08,19.08,19.08,19.08,0,18.964,19.0484
2022-09-14,19.08,19.08,19.08,19.08,0,18.98,19.0514
2022-09-15,19.08,19.08,19.08,19.08,0,18.996,19.0542
2022-09-16,19.08,19.08,19.08,19.08,0,19.012,19.0566
2022-09-19,19.08,19.08,19.08,19.08,0,19.028,19.0589
2022-09-20,19.08,19.08,19.08,19.08,0,19.044,19.0609
2022-09-21,19.08,19.08,19.08,19.08,0,19.06,19.0627
2022-09-22,19.08,19.08,19.08,19.08,0,19.076,19.0643
2022-09-23,19.08,19.08,19.08,19.08,0,19.08,19.0658
2022-09-26,19.0,19.0,19.0,19.0,1800,19.076,19.0596
2022-09-27,19.0,19.0,19.0,19.0,0,19.072,19.0539
2022-09-28,19.0,19.0,19.0,19.0,0,19.068,19.0488
2022-09-29,19.0,19.0,19.0,19.0,0,19.064,19.0441
2022-09-30,19.0,19.0,19.0,19.0,0,19.06,19.0399
2022-10-03,19.0,19.0,19.0,19.0,0,19.056,19.0361
2022-10-04,18.76,18.76,18.76,18.76,300,19.04,19.0098
2022-10-05,18.76,18.76,18.76,18.76,0,19.024,18.986
2022-10-06,18.76,18.76,18.76,18.76,0,19.008,18.9645
2022-10-07,18.76,18.76,18.76,18.76,0,18.992,18.945
2022-10-10,18.76,18.76,18.76,18.76,0,18.976,18.9274
2022-10-11,19.26,19.26,19.26,19.26,1000,18.985,18.9591
2022-10-12,19.26,19.26,19.26,19.26,600,18.994,18.9877
2022-10-13,19.26,19.26,19.26,19.26,0,19.003,19.0137
2022-10-14,19.26,19.26,19.26,19.26,0,19.012,19.0371
2022-10-17,19.26,19.26,19.26,19.26,0,19.021,19.0584
2022-10-18,19.26,19.26,19.26,19.26,0,19.03,19.0776
2022-10-19,19.26,19.26,19.26,19.26,0,19.039,19.0949
2022-10-20,19.26,19.26,19.26,19.26,0,19.048,19.1107
2022-10-21,19.26,19.26,19.26,19.26,0,19.057,19.1249
2022-10-24,19.26,19.26,19.26,19.26,0,19.07,19.1377
2022-10-25,19.26,19.26,19.26,19.26,0,19.083,19.1494
2022-10-26,19.26,19.26,19.26,19.26,0,19.096,19.1599
2022-10-27,19.26,19.26,19.26,19.26,0,19.109,19.1695
2022-10-28,19.26,19.26,19.26,19.26,0,19.122,19.1781
2022-10-31,19.26,19.26,19.26,19.26,0,19.135,19.1859
2022-11-01,19.26,19.26,19.26,19.26,0,19.16,19.1929
2022-11-02,19.26,19.26,19.26,19.26,0,19.185,19.1993
2022-11-03,17.58,17.58,17.58,17.58,100,19.126,19.0451
2022-11-04,17.58,17.58,17.58,17.58,0,19.067,18.9056
2022-11-07,17.58,17.58,17.58,17.58,200,19.008,18.7793
2022-11-08,17.58,17.58,17.58,17.58,1,18.924,18.6651
2022-11-09,17.58,17.58,17.58,17.58,0,18.84,18.5618
2022-11-10,17.58,17.58,17.58,17.58,0,18.756,18.4683
2022-11-11,17.58,17.58,17.58,17.58,0,18.672,18.3837
2022-11-14,17.58,17.58,16.75,16.75,3400,18.5465,18.2281
2022-11-15,17.17,17.17,17.17,17.17,0,18.442,18.1273
2022-11-16,17.17,17.17,17.17,17.17,0,18.3375,18.0361
2022-11-17,17.17,17.17,17.17,17.17,0,18.233,17.9536
2022-11-18,17.17,17.17,17.17,17.17,0,18.1285,17.879
2022-11-21,17.17,17.17,17.17,17.17,0,18.024,17.8115
2022-11-22,17.17,17.17,17.17,17.17,0,17.9195,17.7504
2022-11-23,17.17,17.17,17.17,17.17,0,17.815,17.6951
2022-11-24,17.17,17.17,17.17,17.17,0,17.7105,17.6451
2022-11-25,17.17,17.17,17.17,17.17,0,17.606,17.5999
2022-11-28,17.17,17.17,17.17,17.17,0,17.5015,17.5589
2022-11-29,17.17,17.17,17.17,17.17,0,17.397,17.5219
2022-11-30,17.17,17.17,17.17,17.17,0,17.2925,17.4884
2022-12-01,17.17,17.17,17.17,17.17,0,17.272,17.458
2022-12-02,17.17,17.17,17.17,17.17,0,17.2515,17.4306
2022-12-05,17.17,17.17,17.17,17.17,0,17.231,17.4058
2022-12-06,17.17,17.17,17.17,17.17,0,17.2105,17.3833
2022-12-07,17.17,17.17,17.17,17.17,0,17.19,17.363
2022-12-08,17.17,17.17,17.17,17.17,0,17.1695,17.3446
2022-12-09,17.17,17.17,17.17,17.17,0,17.149,17.328
2022-12-12,17.17,17.17,17.17,17.17,0,17.17,17.313
2022-12-13,17.17,17.17,17.17,17.17,0,17.17,17.2993
2022-12-14,17.17,17.17,17.17,17.17,0,17.17,17.287
2022-12-15,17.17,17.17,17.17,17.17,0,17.17,17.2759
2022-12-16,17.17,17.17,17.17,17.17,0,17.17,17.2658
2022-12-19,17.17,17.17,17.17,17.17,0,17.17,17.2567
2022-12-20,17.17,17.17,17.17,17.17,0,17.17,17.2484
2022-12-21,17.17,17.17,17.17,17.17,0,17.17,17.2409
2022-12-22,17.17,17.17,17.17,17.17,3100,17.17,17.2342
2022-12-23,17.17,17.17,17.17,17.17,5300,17.17,17.2281
2022-12-26,17.17,17.17,17.17,17.17,0,17.17,17.2225
2022-12-27,17.17,17.17,17.17,17.17,0,17.17,17.2175
2022-12-28,17.17,17.17,17.17,17.17,0,17.17,17.213
2022-12-29,17.17,17.17,17.17,17.17,0,17.17,17.2089
2022-12-30,17.17,17.17,17.17,17.17,0,17.17,17.2052
2023-01-03,17.17,17.17,17.17,17.17,0,17.17,17.2019
2023-01-04,17.17,17.17,17.17,17.17,0,17.17,17.1988
2023-01-05,17.17,17.17,17.17,17.17,0,17.17,17.1961
2023-01-06,17.17,17.17,17.17,17.17,0,17.17,17.1936
2023-01-09,17.17,17.17,17.17,17.17,0,17.17,17.1913
2023-01-10,17.17,17.17,17.17,17.17,0,17.17,17.1893
2023-01-11,17.17,17.17,17.17,17.17,0,17.17,17.1875
2023-01-12,17.17,17.17,17.17,17.17,0,17.17,17.1858
2023-01-13,17.17,17.17,17.17,17.17,0,17.17,17.1843
2023-01-16,17.17,17.17,17.17,17.17,0,17.17,17.1829
2023-01-17,17.17,17.17,17.17,17.17,0,17.17,17.1817
2023-01-18,17.17,17.17,17.17,17.17,0,17.17,17.1806
2023-01-19,17.17,17.17,17.17,17.17,0,17.17,17.1796
2023-01-27,17.17,17.17,17.17,17.17,0,17.17,17.1787
2023-01-30,17.17,17.17,17.17,17.17,0,17.17,17.1778
2023-01-31,17.17,17.17,17.17,17.17,0,17.17,17.1771
2023-02-01,17.17,17.17,17.17,17.17,0,17.17,17.1764
2023-02-02,17.17,17.17,17.17,17.17,0,17.17,17.1758
2023-02-03,17.17,17.17,17.17,17.17,0,17.17,17.1753
2023-02-06,17.17,17.17,17.17,17.17,0,17.17,17.1748
2023-02-07,17.17,17.17,17.17,17.17,0,17.17,17.1743
2023-02-08,17.17,17.17,17.17,17.17,0,17.17,17.1739
2023-02-09,17.17,17.17,17.17,17.17,0,17.17,17.1735
2023-02-10,17.17,17.17,17.17,17.17,0,17.17,17.1732
2023-02-13,17.17,17.17,17.17,17.17,0,17.17,17.1729
2023-02-14,17.17,17.17,17.17,17.17,0,17.17,17.1726
2023-02-15,17.17,17.17,17.17,17.17,0,17.17,17.1724
2023-02-16,17.17,17.17,17.17,17.17,0,17.17,17.1721
2023-02-17,17.17,17.17,17.17,17.17,0,17.17,17.1719
2023-02-20,17.17,17.17,17.17,17.17,0,17.17,17.1717
2023-02-21,17.17,17.17,17.17,17.17,0,17.17,17.1716
2023-02-22,17.17,17.17,17.17,17.17,0,17.17,17.1714
2023-02-23,17.17,17.17,17.17,17.17,0,17.17,17.1713
2023-02-24,17.17,17.17,17.17,17.17,0,17.17,17.1712
2023-02-27,17.17,17.17,17.17,17.17,0,17.17,17.1711
2023-02-28,17.17,17.17,17.17,17.17,0,17.17,17.171
2023-03-01,17.17,17.17,17.17,17.17,0,17.17,17.1709
2023-03-02,17.17,17.17,17.17,17.17,0,17.17,17.1708
2023-03-03,17.17,17.17,17.17,17.17,0,17.17,17.1707
2023-03-06,17.17,17.17,17.17,17.17,0,17.17,17.1706
2023-03-07,17.17,17.17,17.17,17.17,0,17.17,17.1706
2023-03-08,17.17,17.17,17.17,17.17,0,17.17,17.1705
2023-03-09,17.17,17.17,17.17,17.17,0,17.17,17.1705
2023-03-10,17.17,17.17,17.17,17.17,0,17.17,17.1704
2023-03-13,17.17,17.17,17.17,17.17,0,17.17,17.1704
2023-03-14,17.17,17.17,17.17,17.17,0,17.17,17.1704
2023-03-15,17.17,17.17,17.17,17.17,0,17.17,17.1703
2023-03-16,17.17,17.17,17.17,17.17,0,17.17,17.1703
2023-03-17,17.17,17.17,17.17,17.17,0,17.17,17.1703
2023-03-20,17.17,17.17,17.17,17.17,0,17.17,17.1702
2023-03-21,17.17,17.17,17.17,17.17,0,17.17,17.1702
2023-03-22,17.17,17.17,17.17,17.17,0,17.17,17.1702
2023-03-23,17.17,17.17,17.17,17.17,0,17.17,17.1702
2023-03-24,17.17,17.17,17.17,17.17,0,17.17,17.1702
2023-03-27,17.17,17.17,17.17,17.17,0,17.17,17.1701
2023-03-28,17.17,17.17,17.17,17.17,0,17.17,17.1701
2023-03-29,14.65,14.65,14.65,14.65,100,17.044,16.9301
2023-03-30,14.65,14.65,14.65,14.65,0,16.918,16.713
2023-03-31,14.65,14.65,14.65,14.65,0,16.792,16.5165
2023-04-03,14.65,14.65,14.65,14.65,0,16.666,16.3387
2023-04-04,14.65,14.65,14.65,14.65,0,16.54,16.1779
2023-04-05,14.65,14.65,14.65,14.65,0,16.414,16.0324
2023-04-06,14.65,14.65,14.65,14.65,100,16.288,15.9007
2023-04-07,14.65,14.65,14.65,14.65,0,16.162,15.7816
2023-04-10,14.65,14.65,14.65,14.65,0,16.036,15.6738
2023-04-11,14.65,14.65,14.65,14.65,0,15.91,15.5763
2023-04-12,14.65,14.65,14.65,14.65,0,15.784,15.4881
2023-04-13,14.65,14.65,14.65,14.65,0,15.658,15.4083
2023-04-14,14.65,14.65,14.65,14.65,0,15.532,15.3361
2023-04-17,14.65,14.65,14.65,14.65,0,15.406,15.2707
2023-04-18,14.65,14.65,14.65,14.65,0,15.28,15.2116
2023-04-19,14.65,14.65,14.65,14.65,0,15.154,15.1581
2023-04-20,14.65,14.65,14.65,14.65,0,15.028,15.1097
2023-04-21,14.65,14.65,14.65,14.65,0,14.902,15.0659
2023-04-24,16.83,16.83,16.83,16.83,100,14.885,15.234
2023-04-25,14.65,14.65,14.65,14.65,100,14.759,15.1783
2023-04-26,14.65,14.65,14.65,14.65,0,14.759,15.128
2023-04-27,14.65,14.65,14.65,14.65,0,14.759,15.0825
2023-04-28,14.65,14.65,14.65,14.65,0,14.759,15.0413
2023-05-04,14.65,14.65,14.65,14.65,0,14.759,15.004
2023-05-05,14.65,14.65,14.65,14.65,0,14.759,14.9703
2023-05-08,14.65,14.65,14.65,14.65,0,14.759,14.9398
2023-05-09,14.65,14.65,14.65,14.65,0,14.759,14.9122
2023-05-10,14.65,14.65,14.65,14.65,0,14.759,14.8872
2023-05-11,14.65,14.65,14.65,14.65,0,14.759,14.8646
2023-05-12,14.65,14.65,14.65,14.65,0,14.759,14.8442
2023-05-15,16.83,16.83,16.83,16.83,100,14.868,15.0333
2023-05-16,14.65,14.65,14.65,14.65,100,14.868,14.9968
2023-05-17,14.65,14.65,14.65,14.65,0,14.868,14.9638
2023-05-18,14.65,14.65,14.65,14.65,0,14.868,14.9339
2023-05-19,14.65,14.65,14.65,14.65,0,14.868,14.9069
2023-05-22,14.65,14.65,14.65,14.65,0,14.868,14.8824
2023-05-23,14.65,14.65,14.65,14.65,0,14.868,14.8603
2023-05-24,14.65,14.65,14.65,14.65,0,14.868,14.8402
2023-05-25,14.65,14.65,14.65,14.65,0,14.759,14.8221
2023-05-26,14.65,14.65,14.65,14.65,0,14.759,14.8057
2023-05-29,14.65,14.65,14.65,14.65,0,14.759,14.7909
2023-05-30,14.65,14.65,14.65,14.65,0,14.759,14.7775
2023-05-31,15.16,15.16,15.16,15.16,100,14.7845,14.8139
2023-06-01,15.16,15.16,15.16,15.16,0,14.81,14.8469
2023-06-02,15.16,15.16,15.16,15.16,0,14.8355,14.8767
2023-06-05,15.16,15.16,15.16,15.16,0,14.861,14.9037
2023-06-06,15.16,15.16,15.16,15.16,0,14.8865,14.9281
2023-06-07,15.16,15.16,15.16,15.16,0,14.912,14.9502
2023-06-08,15.16,15.16,15.16,15.16,0,14.9375,14.9702
2023-06-09,15.16,15.16,15.16,15.16,0,14.963,14.9882
2023-06-12,15.16,15.16,15.16,15.16,0,14.8795,15.0046
2023-06-13,15.16,15.16,15.16,15.16,0,14.905,15.0194
2023-06-14,15.16,15.16,15.16,15.16,0,14.9305,15.0328
2023-06-15,15.16,15.16,15.16,15.16,0,14.956,15.0449
2023-06-16,15.16,15.16,15.16,15.16,0,14.9815,15.0559
2023-06-19,15.16,15.16,15.16,15.16,0,15.007,15.0658
2023-06-20,15.16,15.16,15.16,15.16,0,15.0325,15.0748
2023-06-21,15.16,15.16,15.16,15.16,0,15.058,15.0829
2023-06-22,15.16,15.16,15.16,15.16,0,15.0835,15.0902
2023-06-23,15.24,15.24,15.24,15.24,100,15.113,15.1045
2023-06-26,15.24,15.24,15.24,15.24,1,15.1425,15.1174
2023-06-27,15.24,15.24,15.24,15.24,0,15.172,15.1291
2023-06-28,15.24,15.24,15.24,15.24,0,15.176,15.1396
2023-06-29,15.91,15.91,15.91,15.91,500,15.2135,15.213
2023-06-30,13.57,13.57,13.57,13.57,100,15.134,15.0565
2023-07-03,13.57,13.57,13.57,13.57,0,15.0545,14.915
2023-07-04,13.57,13.57,13.57,13.57,0,14.975,14.7869
2023-07-05,13.57,13.57,13.57,13.57,0,14.8955,14.671
2023-07-06,13.57,13.57,13.57,13.57,0,14.816,14.5661
2023-07-07,13.57,13.57,13.57,13.57,0,14.7365,14.4712
2023-07-10,13.57,13.57,13.57,13.57,0,14.657,14.3854
2023-07-11,15.24,15.24,15.24,15.24,100,14.661,14.4668
2023-07-12,15.24,15.24,15.24,15.24,0,14.665,14.5404
2023-07-13,15.24,15.24,15.24,15.24,0,14.669,14.6071
2023-07-14,15.24,15.24,15.24,15.24,0,14.673,14.6673
2023-07-17,15.24,15.24,15.24,15.24,0,14.677,14.7219
2023-07-18,15.24,15.24,15.24,15.24,0,14.681,14.7712
2023-07-19,15.24,15.24,15.24,15.24,0,14.685,14.8159
2023-07-20,15.24,15.24,15.24,15.24,0,14.689,14.8563
2023-07-21,15.24,15.24,15.24,15.24,0,14.689,14.8928
2023-07-24,15.24,15.24,15.24,15.24,0,14.689,14.9259
2023-07-25,15.24,15.24,15.24,15.24,0,14.689,14.9558
2023-07-26,15.24,15.24,15.24,15.24,0,14.689,14.9829
2023-07-27,15.24,15.24,15.24,15.24,0,14.6555,15.0074
2023-07-28,15.24,15.24,15.24,15.24,0,14.739,15.0295
2023-07-31,15.24,15.24,15.24,15.24,0,14.8225,15.0496
2023-08-01,15.24,15.24,15.24,15.24,0,14.906,15.0677
2023-08-02,15.24,15.24,15.24,15.24,0,14.9895,15.0841
2023-08-03,15.24,15.24,15.24,15.24,0,15.073,15.0989
2023-08-04,16.75,16.75,16.75,16.75,500,15.232,15.2562
2023-08-07,14.24,14.24,14.24,14.24,100,15.2655,15.1594
2023-08-08,14.24,14.24,14.24,14.24,0,15.2155,15.0718
2023-08-09,16.33,16.33,16.33,16.33,100,15.27,15.1917
2023-08-10,13.9,13.9,13.9,13.9,100,15.203,15.0687
2023-08-11,13.9,13.9,13.9,13.9,0,15.136,14.9574
2023-08-14,15.91,15.91,15.91,15.91,100,15.1695,15.0481
2023-08-15,13.82,13.82,13.82,13.82,100,15.0985,14.9311
2023-08-16,13.82,13.82,13.82,13.82,0,15.0275,14.8253
2023-08-17,15.83,15.83,15.83,15.83,100,15.057,14.921
2023-08-18,15.83,15.83,15.83,15.83,0,15.0865,15.0076
2023-08-21,15.83,15.83,15.83,15.83,0,15.116,15.0859
2023-08-22,15.83,15.83,15.83,15.83,0,15.1455,15.1568
2023-08-23,15.83,15.83,15.83,15.83,0,15.175,15.2209
2023-08-24,15.83,15.83,15.83,15.83,0,15.2045,15.2789
2023-08-25,15.83,15.83,15.83,15.83,0,15.234,15.3314
2023-08-28,15.83,15.83,15.83,15.83,0,15.2635,15.3789
2023-08-29,15.83,15.83,15.83,15.83,0,15.293,15.4218
2023-08-30,15.83,15.83,15.83,15.83,0,15.3225,15.4607
2023-08-31,15.83,15.83,15.83,15.83,0,15.352,15.4959
2023-09-05,15.83,15.83,15.83,15.83,0,15.306,15.5277
2023-09-06,15.83,15.83,15.83,15.83,0,15.3855,15.5565
2023-09-07,15.83,15.83,15.83,15.83,0,15.465,15.5825
2023-09-08,15.83,15.83,15.83,15.83,0,15.44,15.6061
2023-09-11,15.83,15.83,15.83,15.83,0,15.5365,15.6274
2023-09-12,15.83,15.83,15.83,15.83,0,15.633,15.6467
2023-09-13,15.83,15.83,15.83,15.83,0,15.629,15.6642
2023-09-14,15.83,15.83,15.83,15.83,0,15.7295,15.68
2023-09-15,15.83,15.83,15.83,15.83,0,15.83,15.6943
2023-09-18,15.83,15.83,15.83,15.83,0,15.83,15.7072
2023-09-19,15.83,15.83,15.83,15.83,0,15.83,15.7189
2023-09-20,15.83,15.83,15.83,15.83,0,15.83,15.7295
2023-09-21,15.83,15.83,15.83,15.83,0,15.83,15.739
2023-09-22,15.83,15.83,15.83,15.83,0,15.83,15.7477
2023-09-25,16.0,16.0,16.0,16.0,200,15.8385,15.7717
2023-09-26,16.0,16.0,16.0,16.0,0,15.847,15.7935
2023-09-27,16.0,16.0,16.0,16.0,0,15.8555,15.8131
2023-09-28,16.0,16.0,16.0,16.0,0,15.864,15.8309
2023-09-29,16.0,16.0,16.0,16.0,100,15.8725,15.847
2023-10-02,16.0,16.0,16.0,16.0,0,15.881,15.8616
2023-10-03,16.0,16.0,16.0,16.0,0,15.8895,15.8748
2023-10-04,16.0,16.0,16.0,16.0,0,15.898,15.8867
2023-10-05,16.0,16.0,16.0,16.0,0,15.9065,15.8975
2023-10-06,16.0,16.0,16.0,16.0,0,15.915,15.9073
2023-10-09,16.0,16.0,16.0,16.0,0,15.9235,15.9161
2023-10-10,16.0,16.0,16.0,16.0,0,15.932,15.9241
2023-10-11,16.0,16.0,16.0,16.0,0,15.9405,15.9313
2023-10-12,16.36,16.36,16.36,16.36,100,15.967,15.9721
2023-10-13,16.36,16.36,16.36,16.36,0,15.9935,16.0091
2023-10-16,16.36,16.36,16.36,16.36,0,16.02,16.0425
2023-10-17,16.36,16.36,16.36,16.36,0,16.0465,16.0727
2023-10-18,16.36,16.36,16.36,16.36,0,16.073,16.1001
2023-10-19,16.36,16.36,16.36,16.36,0,16.0995,16.1249
2023-10-20,16.36,16.36,16.36,16.36,0,16.126,16.1472
2023-10-23,16.36,16.36,16.36,16.36,0,16.144,16.1675
2023-10-24,16.36,16.36,16.36,16.36,0,16.162,16.1858
2023-10-25,16.36,16.36,16.36,16.36,0,16.18,16.2024
2023-10-26,16.36,16.36,16.36,16.36,0,16.198,16.2174
2023-10-27,16.36,16.36,16.36,16.36,0,16.216,16.231
2023-10-30,16.36,16.36,16.36,16.36,0,16.234,16.2433
2023-10-31,16.36,16.36,16.36,16.36,0,16.252,16.2544
2023-11-01,16.36,16.36,16.36,16.36,0,16.27,16.2645
2023-11-02,16.36,16.36,16.36,16.36,0,16.288,16.2736
2023-11-03,16.36,16.36,16.36,16.36,0,16.306,16.2818
2023-11-06,16.36,16.36,16.36,16.36,0,16.324,16.2892
2023-11-07,16.36,16.36,16.36,16.36,0,16.342,16.296
2023-11-08,16.36,16.36,16.36,16.36,0,16.36,16.3021
2023-11-09,16.36,16.36,16.36,16.36,0,16.36,16.3076
2023-11-10,16.36,16.36,16.36,16.36,0,16.36,16.3126
2023-11-13,16.36,16.36,16.36,16.36,0,16.36,16.3171
2023-11-14,16.36,16.36,16.36,16.36,0,16.36,16.3212
2023-11-15,16.36,16.36,16.36,16.36,0,16.36,16.3249
2023-11-16,16.36,16.36,16.36,16.36,0,16.36,16.3282
2023-11-17,16.36,16.36,16.36,16.36,0,16.36,16.3313
2023-11-20,16.36,16.36,16.36,16.36,0,16.36,16.334
2023-11-21,16.36,16.36,16.36,16.36,0,16.36,16.3365
2023-11-22,16.36,16.36,16.36,16.36,0,16.36,16.3387
2023-11-23,16.36,16.36,16.36,16.36,0,16.36,16.3407
2023-11-24,16.36,16.36,16.36,16.36,0,16.36,16.3426
2023-11-27,16.36,16.36,16.36,16.36,0,16.36,16.3442
2023-11-28,16.36,16.36,16.36,16.36,0,16.36,16.3457
2023-11-29,16.36,16.36,16.36,16.36,0,16.36,16.3471
2023-11-30,16.36,16.36,16.36,16.36,0,16.36,16.3483
2023-12-01,16.36,16.36,16.36,16.36,0,16.36,16.3494
2023-12-04,16.36,16.36,16.36,16.36,0,16.36,16.3504
2023-12-05,16.36,16.36,16.36,16.36,0,16.36,16.3514
2023-12-06,16.36,16.36,16.36,16.36,0,16.36,16.3522
2023-12-07,16.36,16.36,16.36,16.36,0,16.36,16.3529
2023-12-08,16.36,16.36,16.36,16.36,0,16.36,16.3536
2023-12-11,16.36,16.36,16.36,16.36,0,16.36,16.3542
2023-12-12,17.24,17.24,17.24,17.24,1000,16.404,16.4386
2023-12-13,14.68,14.68,14.68,14.68,100,16.32,16.2711
2023-12-14,14.68,14.68,14.68,14.68,0,16.236,16.1196
2023-12-15,14.68,14.68,14.68,14.68,0,16.152,15.9825
2023-12-18,14.68,14.68,14.68,14.68,0,16.068,15.8584
2023-12-19,14.68,14.68,14.68,14.68,0,15.984,15.7462
2023-12-20,14.68,14.68,14.68,14.68,0,15.9,15.6446
2023-12-21,14.68,14.68,14.68,14.68,0,15.816,15.5528
2023-12-22,14.68,14.68,14.68,14.68,0,15.732,15.4696
2023-12-25,14.68,14.68,14.68,14.68,0,15.648,15.3944
2023-12-26,14.68,14.68,14.68,14.68,0,15.564,15.3264
2023-12-27,14.68,14.68,14.68,14.68,0,15.48,15.2648
2023-12-28,14.68,14.68,14.68,14.68,0,15.396,15.2091
2023-12-29,14.68,14.68,14.68,14.68,0,15.312,15.1587
2024-01-02,14.68,14.68,14.68,14.68,0,15.228,15.1132
2024-01-03,14.68,14.68,14.68,14.68,0,15.144,15.0719
2024-01-04,14.68,14.68,14.68,14.68,0,15.06,15.0346
2024-01-05,14.68,14.68,14.68,14.68,0,14.976,15.0008
2024-01-08,14.68,14.68,14.68,14.68,0,14.892,14.9703
2024-01-09,14.68,14.68,14.68,14.68,0,14.808,14.9426
2024-01-10,14.68,14.68,14.68,14.68,0,14.68,14.9176
2024-01-11,14.68,14.68,14.68,14.68,0,14.68,14.895
2024-01-12,14.68,14.68,14.68,14.68,0,14.68,14.8745
2024-01-15,14.68,14.68,14.68,14.68,0,14.68,14.856
2024-01-16,14.68,14.68,14.68,14.68,0,14.68,14.8392
2024-01-17,14.68,14.68,14.68,14.68,0,14.68,14.8241
2024-01-18,14.68,14.68,14.68,14.68,0,14.68,14.8103
2024-01-19,14.68,14.68,14.68,14.68,0,14.68,14.7979
2024-01-22,14.68,14.68,14.68,14.68,0,14.68,14.7867
2024-01-23,16.8,16.8,16.8,16.8,100,14.786,14.9784
2024-01-24,16.8,16.8,16.8,16.8,0,14.892,15.1519
2024-01-25,16.8,16.8,16.8,16.8,0,14.998,15.3089
2024-01-26,16.8,16.8,16.8,16.8,0,15.104,15.4509
2024-01-29,16.8,16.8,16.8,16.8,0,15.21,15.5794
2024-01-30,19.27,19.27,19.27,19.27,100,15.4395,15.9309
2024-01-31,19.27,19.27,19.27,19.27,0,15.669,16.2489
2024-02-01,19.27,19.27,19.27,19.27,0,15.8985,16.5366
2024-02-02,19.27,19.27,19.27,19.27,0,16.128,16.7969
2024-02-05,19.27,19.27,19.27,19.27,0,16.3575,17.0325
2024-02-06,19.27,19.27,19.27,19.27,0,16.587,17.2456
2024-02-07,19.27,19.27,19.27,19.27,0,16.8165,17.4384
2024-02-15,19.27,19.27,19.27,19.27,0,17.046,17.6128
2024-02-16,19.27,19.27,19.27,19.27,0,17.2755,17.7706
2024-02-19,19.27,19.27,19.27,19.27,0,17.505,17.9134
2024-02-20,19.27,19.27,19.27,19.27,0,17.7345,18.0426
2024-02-21,20.34,20.34,20.34,20.34,4000,18.0175,18.2614
2024-02-22,20.34,20.34,20.34,20.34,0,18.3005,18.4594
2024-02-23,17.42,19.27,17.42,19.27,1900,18.53,18.5366
2024-02-26,19.19,19.19,19.19,19.19,0,18.7555,18.5988
2024-02-27,19.19,19.19,19.19,19.19,0,18.875,18.6551
2024-02-28,19.19,19.19,19.19,19.19,0,18.9945,18.7061
2024-02-29,19.45,19.45,19.45,19.45,1000,19.127,18.7769
2024-03-01,19.45,19.45,19.45,19.45,0,19.2595,18.841
2024-03-04,19.19,19.19,19.19,19.19,100,19.379,18.8743
2024-03-05,19.19,19.19,19.19,19.19,0,19.375,18.9043
2024-03-06,19.19,19.19,19.19,19.19,0,19.371,18.9315
2024-03-07,19.19,19.19,19.19,19.19,0,19.367,18.9561
2024-03-08,19.19,19.19,19.19,19.19,0,19.363,18.9784
2024-03-11,19.19,19.19,19.19,19.19,0,19.359,18.9986
2024-03-12,19.19,19.19,19.19,19.19,0,19.355,19.0168
2024-03-13,19.19,19.19,19.19,19.19,0,19.351,19.0333
2024-03-14,19.19,19.19,19.19,19.19,0,19.347,19.0482
2024-03-15,19.19,19.19,19.19,19.19,0,19.343,19.0617
2024-03-18,20.34,20.34,20.34,20.34,1000,19.3965,19.1835
2024-03-19,19.19,19.19,19.19,19.19,100,19.3925,19.1841
2024-03-20,19.19,19.19,19.19,19.19,0,19.335,19.1846
2024-03-21,19.19,19.19,19.19,19.19,0,19.2775,19.1852
2024-03-22,19.89,19.89,19.89,19.89,100,19.3085,19.2523
2024-03-25,19.89,19.89,19.89,19.89,0,19.3435,19.313
2024-03-26,19.89,19.89,19.89,19.89,0,19.3785,19.368
2024-03-27,19.89,19.89,19.89,19.89,0,19.4135,19.4177
2024-03-28,19.89,19.89,19.89,19.89,0,19.4355,19.4627
2024-03-29,19.89,19.89,19.89,19.89,0,19.4575,19.5034
2024-04-01,19.89,19.89,19.89,19.89,0,19.4925,19.5402
2024-04-02,19.89,19.89,19.89,19.89,0,19.5275,19.5735
2024-04-03,19.89,19.89,19.89,19.89,0,19.5625,19.6036
2024-04-04,19.89,19.89,19.89,19.89,0,19.5975,19.6309
2024-04-05,19.89,19.89,19.89,19.89,0,19.6325,19.6556
2024-04-08,19.89,19.89,19.89,19.89,0,19.6675,19.6779
2024-04-09,19.89,19.89,19.89,19.89,0,19.7025,19.6981
2024-04-10,19.89,19.89,19.89,19.89,0,19.7375,19.7164
2024-04-11,19.89,19.89,19.89,19.89,0,19.7725,19.7329
2024-04-12,19.89,19.89,19.89,19.89,0,19.8075,19.7479
2024-04-15,19.89,19.89,19.89,19.89,0,19.785,19.7614
2024-04-16,19.89,19.89,19.89,19.89,0,19.82,19.7737
2024-04-17,19.89,19.89,19.89,19.89,0,19.855,19.7847
2024-04-19,19.89,19.89,19.89,19.89,0,19.89,19.7948
2024-04-22,17.24,18.83,17.24,18.83,200,19.837,19.7029
2024-04-23,18.04,18.04,18.04,18.04,0,19.7445,19.5445
2024-04-24,18.04,18.04,18.04,18.04,0,19.652,19.4012
2024-04-25,18.04,18.04,18.04,18.04,0,19.5595,19.2716
2024-04-26,20.69,20.69,20.69,20.69,100,19.5995,19.4067
2024-05-02,17.59,23.78,17.59,23.78,300,19.794,19.8232
2024-05-03,18.66,22.63,18.66,22.63,200,19.931,20.0905
2024-05-06,20.69,20.69,20.69,20.69,0,19.971,20.1476
2024-05-07,19.45,22.1,19.45,22.1,300,20.0815,20.3335
2024-05-08,19.45,19.45,19.45,19.45,100,20.0595,20.2494
2024-05-09,19.45,19.45,19.45,19.45,0,20.0375,20.1733
2024-05-10,22.1,22.37,22.1,22.37,200,20.1615,20.3825
2024-05-13,19.54,19.54,19.54,19.54,100,20.144,20.3022
2024-05-14,22.37,22.46,22.1,22.46,400,20.2725,20.5077
2024-05-15,22.28,22.28,22.28,22.28,0,20.392,20.6765
2024-05-16,19.54,19.54,19.54,19.54,100,20.3745,20.5683
2024-05-17,17.77,17.77,17.77,17.77,100,20.2685,20.3018
2024-05-20,17.77,17.77,17.77,17.77,0,20.1625,20.0607
2024-05-21,20.42,20.42,20.42,20.42,117,20.189,20.0949
2024-05-22,19.89,19.89,19.89,19.89,300,20.189,20.0754
2024-05-23,21.22,21.22,21.22,21.22,100,20.3085,20.1844
2024-05-24,19.89,19.89,19.89,19.89,100,20.401,20.1563
2024-05-27,19.89,19.89,19.89,19.89,0,20.4935,20.131
2024-05-28,19.89,19.89,19.89,19.89,0,20.586,20.108
2024-05-29,19.89,19.89,19.89,19.89,0,20.546,20.0873
2024-05-30,19.89,19.89,19.89,19.89,0,20.3515,20.0685
2024-05-31,22.63,22.63,22.63,22.63,1700,20.3515,20.3124
2024-06-03,19.89,25.99,19.89,25.99,410,20.6165,20.8532
2024-06-04,20.87,27.5,20.87,23.96,900,20.7095,21.149
2024-06-05,26.52,26.52,24.05,24.05,300,20.9395,21.4253
2024-06-06,24.84,24.84,24.84,24.84,0,21.209,21.7505
2024-06-07,21.13,24.76,21.13,24.76,1400,21.3285,22.0371
2024-06-10,21.22,27.05,21.22,27.05,300,21.704,22.5146
2024-06-11,21.66,25.64,21.66,25.64,300,21.863,22.8122
2024-06-12,21.66,21.66,21.66,21.66,100,21.832,22.7025
2024-06-13,24.84,24.84,24.84,24.84,200,22.097,22.9061
2024-06-14,21.75,21.75,21.75,21.75,106,22.296,22.796
2024-06-17,21.75,21.75,21.75,21.75,0,22.495,22.6963
2024-06-18,22.1,24.76,22.1,24.76,600,22.712,22.8929
2024-06-19,21.66,21.66,21.66,21.66,100,22.8005,22.7755
2024-06-20,21.66,21.66,21.66,21.66,0,22.8225,22.6692
2024-06-21,21.66,21.66,21.66,21.66,0,22.911,22.5731
2024-06-24,22.99,22.99,22.99,22.99,1000,23.066,22.6128
2024-06-25,21.66,21.66,21.66,21.66,100,23.1545,22.5221
2024-06-26,21.66,21.66,21.66,21.66,0,23.243,22.44
2024-06-27,21.66,21.66,21.66,21.66,0,23.3315,22.3657
2024-06-28,21.66,21.66,21.66,21.66,0,23.283,22.2985
2024-07-01,24.84,24.84,24.84,24.84,1800,23.2255,22.5405
2024-07-02,22.19,22.19,22.19,22.19,100,23.137,22.5071
2024-07-03,24.76,24.76,24.76,24.76,100,23.1725,22.7217
2024-07-04,22.19,22.19,22.19,22.19,100,23.04,22.6711
2024-07-05,22.19,22.19,22.19,22.19,0,22.9115,22.6252
2024-07-08,22.19,22.19,22.19,22.19,0,22.6685,22.5838
2024-07-09,25.46,25.46,24.76,24.76,400,22.6245,22.7911
2024-07-10,23.08,23.08,23.08,23.08,100,22.6955,22.8186
2024-07-11,25.64,25.64,25.64,25.64,101,22.7355,23.0873
2024-07-12,23.08,23.08,23.08,23.08,101,22.802,23.0866
2024-07-15,23.08,23.08,23.08,23.08,0,22.8685,23.086
2024-07-16,23.87,23.87,23.87,23.87,100,22.824,23.1606
2024-07-17,23.87,23.87,23.87,23.87,0,22.9345,23.2282
2024-07-18,23.87,23.87,23.87,23.87,0,23.045,23.2893
2024-07-19,23.87,23.87,23.87,23.87,0,23.1555,23.3446
2024-07-22,23.87,23.87,23.87,23.87,0,23.1995,23.3947
2024-07-23,23.87,23.87,23.87,23.87,0,23.31,23.4399
2024-07-24,23.87,23.87,23.87,23.87,0,23.4205,23.4809
2024-07-25,23.87,23.87,23.87,23.87,0,23.531,23.5179
2024-07-26,23.87,23.87,23.87,23.87,0,23.6415,23.5515
2024-07-29,26.52,26.52,26.52,26.52,100,23.7255,23.8342
2024-07-30,23.08,23.08,23.08,23.08,100,23.77,23.7624
2024-07-31,23.08,23.08,23.08,23.08,0,23.686,23.6974
2024-08-01,23.08,23.08,23.08,23.08,0,23.7305,23.6386
2024-08-02,23.08,23.08,23.08,23.08,0,23.775,23.5854
2024-08-05,23.16,23.16,23.08,23.08,200,23.8195,23.5372
2024-08-06,20.42,20.42,20.42,20.42,100,23.6025,23.2404
2024-08-07,20.44,20.44,20.44,20.44,0,23.4705,22.9737
2024-08-08,23.49,23.49,23.49,23.49,400,23.363,23.0228
2024-08-09,23.49,23.49,23.49,23.49,0,23.3835,23.0673
2024-08-12,23.49,23.49,23.49,23.49,14,23.404,23.1076
2024-08-13,23.49,23.49,23.49,23.49,0,23.385,23.144
2024-08-14,23.49,23.49,23.49,23.49,0,23.366,23.177
2024-08-15,23.49,23.49,23.49,23.49,0,23.347,23.2068
2024-08-16,23.49,23.49,23.49,23.49,0,23.328,23.2337
2024-08-19,23.49,23.49,23.49,23.49,100,23.309,23.2582
2024-08-20,23.49,23.49,23.49,23.49,0,23.29,23.2802
2024-08-21,23.49,23.49,23.49,23.49,14,23.271,23.3002
2024-08-22,23.49,23.49,23.49,23.49,1,23.252,23.3183
2024-08-23,23.49,23.49,23.49,23.49,0,23.233,23.3346
2024-08-26,23.49,23.49,23.49,23.49,0,23.0815,23.3494
2024-08-27,25.2,25.2,25.2,25.2,100,23.1875,23.5257
2024-08-28,23.3,23.77,23.3,23.77,200,23.222,23.5489
2024-08-29,23.58,23.58,23.58,23.58,0,23.247,23.5519
2024-08-30,23.58,23.58,23.58,23.58,1,23.272,23.5546
2024-09-04,23.77,23.77,23.77,23.77,100,23.3065,23.5751
2024-09-05,23.77,23.77,23.77,23.77,0,23.474,23.5937
2024-09-06,20.44,23.77,20.44,23.77,200,23.6405,23.6105
2024-09-09,22.16,22.16,22.16,22.16,0,23.574,23.4723
2024-09-10,22.16,22.16,22.16,22.16,0,23.5075,23.3473
2024-09-11,24.25,24.25,24.15,24.15,200,23.5405,23.4238
2024-09-12,20.92,20.92,20.92,20.92,100,23.412,23.1853
2024-09-13,20.92,20.92,20.92,20.92,0,23.2835,22.9696
2024-09-16,20.92,20.92,20.92,20.92,0,23.155,22.7744
2024-09-17,23.96,23.96,23.96,23.96,100,23.1785,22.8873
2024-09-18,21.4,27.2,21.4,27.2,300,23.364,23.298
2024-09-19,22.06,22.06,22.06,22.06,100,23.2925,23.1801
2024-09-20,25.29,25.29,25.29,25.29,100,23.3825,23.3811
2024-09-23,24.82,29.0,24.82,29.0,300,23.658,23.9162
2024-09-24,23.87,26.63,23.87,26.63,200,23.815,24.1747
2024-09-25,26.63,26.63,26.63,26.63,502,23.972,24.4085
2024-09-26,24.06,26.63,24.06,26.63,200,24.0435,24.6201
2024-09-27,26.63,26.63,26.63,26.63,400,24.1865,24.8115
2024-09-30,26.63,26.63,26.63,26.63,0,24.339,24.9847
2024-10-01,23.3,26.63,23.3,26.63,1100,24.4915,25.1414
2024-10-02,24.06,27.58,24.06,27.58,200,24.682,25.3736
2024-10-03,25.86,25.86,25.86,25.86,8,24.7865,25.42
2024-10-04,24.34,24.34,24.34,24.34,103,24.815,25.3171
2024-10-07,24.34,24.34,24.34,24.34,0,24.924,25.224
2024-10-08,24.34,24.34,24.34,24.34,0,25.033,25.1398
2024-10-09,24.34,24.34,24.34,24.34,100,25.0425,25.0637
2024-10-10,24.34,24.34,24.34,24.34,0,25.2135,24.9947
2024-10-11,24.34,24.34,24.34,24.34,0,25.3845,24.9324
2024-10-14,24.34,24.34,24.34,24.34,0,25.5555,24.876
2024-10-15,24.34,24.34,24.34,24.34,0,25.5745,24.8249
2024-10-16,24.34,24.34,24.34,24.34,0,25.4315,24.7787
2024-10-17,24.34,24.34,24.34,24.34,0,25.5455,24.737
2024-10-18,24.34,24.34,24.34,24.34,0,25.498,24.6992
2024-10-21,24.34,24.34,24.34,24.34,0,25.265,24.6649
2024-10-22,24.34,24.34,24.34,24.34,0,25.1505,24.634
2024-10-23,24.34,24.34,24.34,24.34,0,25.036,24.606
2024-10-24,24.34,24.34,24.34,24.34,0,24.9215,24.5807
2024-10-25,24.34,24.34,24.34,24.34,0,24.807,24.5577
2024-10-28,25.67,25.67,25.67,25.67,100,24.759,24.6637
2024-10-29,25.2,25.2,25.2,25.2,100,24.6875,24.7148
2024-10-30,24.72,24.72,24.72,24.72,100,24.5445,24.7153
2024-10-31,24.72,24.72,24.72,24.72,0,24.4875,24.7157
2024-11-01,24.72,24.72,24.72,24.72,0,24.5065,24.7161
2024-11-04,24.72,24.72,24.72,24.72,0,24.5255,24.7165
2024-11-05,24.72,24.72,24.72,24.72,0,24.5445,24.7168
2024-11-06,24.72,24.72,24.72,24.72,0,24.5635,24.7171
2024-11-07,24.72,24.72,24.72,24.72,0,24.5825,24.7174
2024-11-08,24.72,24.72,24.72,24.72,0,24.6015,24.7176
2024-11-11,23.68,25.67,23.68,25.67,200,24.668,24.8083
2024-11-12,25.67,25.67,25.67,25.67,600,24.7345,24.8904
2024-11-13,28.43,28.43,28.43,28.43,100,24.939,25.2275
2024-11-14,28.43,28.43,28.43,28.43,0,25.1435,25.5325
2024-11-15,32.24,32.24,32.24,32.24,100,25.5385,26.1713
2024-11-18,27.58,27.58,27.58,27.58,100,25.7005,26.3055
2024-11-19,27.58,27.58,27.58,27.58,0,25.8625,26.4269
2024-11-20,27.58,27.58,27.58,27.58,0,26.0245,26.5367
2024-11-21,26.63,26.63,25.67,25.67,600,26.091,26.4541
2024-11-22,26.82,26.82,26.15,26.15,300,26.1815,26.4252
2024-11-25,26.34,26.34,26.34,26.34,0,26.215,26.4171
2024-11-26,26.34,26.34,26.34,26.34,0,26.272,26.4097
2024-11-27,24.25,26.15,24.25,26.15,500,26.3435,26.385
2024-11-28,24.34,25.48,24.34,25.48,200,26.3815,26.2988
2024-11-29,24.91,24.91,24.91,24.91,0,26.391,26.1665
2024-12-02,25.2,25.2,25.2,25.2,100,26.415,26.0745
2024-12-03,25.67,25.86,25.67,25.86,400,26.472,26.0541
2024-12-04,25.77,25.77,25.77,25.77,0,26.5245,26.027
2024-12-05,26.15,26.15,24.34,24.34,400,26.5055,25.8663
2024-12-06,26.63,26.63,26.63,26.63,100,26.601,25.9391
2024-12-09,26.63,26.63,26.63,26.63,1,26.649,26.0049
2024-12-10,26.63,26.63,26.63,26.63,1,26.697,26.0644
2024-12-11,26.15,26.15,26.15,26.15,300,26.583,26.0726
2024-12-12,26.15,26.15,26.15,26.15,0,26.469,26.0799
2024-12-13,26.15,26.15,26.15,26.15,0,26.1645,26.0866
2024-12-16,25.96,25.96,25.96,25.96,200,26.0835,26.0745
2024-12-17,25.96,25.96,25.96,25.96,0,26.0025,26.0636
2024-12-18,25.96,26.15,25.96,26.15,500,25.931,26.0719
2024-12-19,26.05,26.05,26.05,26.05,500,25.95,26.0698
2024-12-20,26.05,26.05,26.05,26.05,0,25.945,26.0679
2024-12-23,26.05,26.05,26.05,26.05,0,25.9305,26.0662
2024-12-24,26.05,26.15,26.05,26.15,200,25.921,26.0742
2024-12-25,26.15,26.15,26.15,26.15,300,25.921,26.0814
2024-12-26,26.15,26.15,26.15,26.15,0,25.9545,26.0879
2024-12-27,26.15,26.15,26.15,26.15,300,26.0165,26.0938
2024-12-30,26.63,26.63,26.24,26.24,400,26.0685,26.1078
2024-12-31,26.53,26.53,26.53,26.53,0,26.102,26.148
2025-01-02,26.63,26.63,26.63,26.63,100,26.145,26.1939
2025-01-03,27.58,27.58,27.58,27.58,100,26.307,26.3259
2025-01-06,27.58,27.58,27.58,27.58,0,26.3545,26.4453
2025-01-07,27.58,27.58,27.58,27.58,0,26.402,26.5534
2025-01-08,27.58,27.58,27.58,27.58,0,26.4495,26.6512
2025-01-09,27.58,27.58,27.58,27.58,0,26.521,26.7396
2025-01-10,27.58,27.58,27.58,27.58,0,26.5925,26.8197
2025-01-13,27.58,27.58,27.58,27.58,0,26.664,26.8921
2025-01-14,27.58,27.58,27.58,27.58,1000,26.745,26.9576
2025-01-15,27.58,27.58,27.58,27.58,0,26.826,27.0169
2025-01-16,27.58,27.58,27.58,27.58,0,26.8975,27.0705
2025-01-17,27.58,27.58,27.58,27.58,0,26.974,27.119
2025-01-20,27.58,27.58,27.58,27.58,0,27.0505,27.1629
2025-01-21,24.06,24.06,24.06,24.06,100,26.951,26.8674
2025-01-22,24.06,24.06,24.06,24.06,0,26.8465,26.6
2025-01-23,21.49,27.58,21.49,27.58,600,26.918,26.6934
2025-01-24,22.54,22.54,22.54,22.54,0,26.7375,26.2978
2025-02-03,25.86,25.86,25.86,25.86,100,26.723,26.2561
2025-02-04,29.48,29.48,29.48,29.48,100,26.885,26.5631
2025-02-05,29.48,29.48,29.48,29.48,0,27.0325,26.8409
2025-02-06,31.38,31.38,31.38,31.38,100,27.27,27.2732
2025-02-07,31.38,31.38,31.38,31.38,0,27.46,27.6644
2025-02-10,31.38,31.38,31.38,31.38,0,27.65,28.0182
2025-02-11,31.38,31.38,31.38,31.38,1,27.84,28.3384
2025-02-12,31.38,31.38,31.38,31.38,0,28.03,28.6281
2025-02-13,31.38,31.38,31.38,31.38,0,28.22,28.8902
2025-02-14,31.38,31.38,31.38,31.38,0,28.41,29.1273
2025-02-17,31.38,31.38,31.38,31.38,0,28.6,29.3418
2025-02-18,31.38,31.38,31.38,31.38,0,28.79,29.5359
2025-02-19,31.38,31.38,31.38,31.38,0,28.98,29.7116
2025-02-20,31.38,31.38,31.38,31.38,0,29.17,29.8705
2025-02-21,31.38,31.38,31.38,31.38,0,29.36,30.0142
2025-02-24,31.38,31.38,31.38,31.38,0,29.55,30.1443
2025-02-25,31.38,31.38,31.38,31.38,37,29.916,30.262
2025-02-26,31.38,31.38,31.38,31.38,20,30.282,30.3685
2025-02-27,32.33,32.33,32.33,32.33,110,30.5195,30.5553
2025-02-28,32.33,32.33,32.33,32.33,0,31.009,30.7243
2025-03-03,32.33,32.33,32.33,32.33,20,31.3325,30.8772
2025-03-04,32.33,32.33,32.33,32.33,0,31.475,31.0156
2025-03-05,32.33,32.33,32.33,32.33,0,31.6175,31.1408
2025-03-06,32.33,32.33,32.33,32.33,4,31.665,31.254
2025-03-07,28.53,28.53,28.53,28.53,200,31.5225,30.9946
2025-03-10,28.53,28.53,28.53,28.53,200,31.38,30.7599
2025-03-11,28.53,28.53,28.53,28.53,500,31.2375,30.5475
2025-03-12,28.53,28.53,28.53,28.53,0,31.095,30.3554
2025-03-13,28.53,28.53,26.63,27.58,600,30.905,30.091
2025-03-14,27.39,27.39,27.39,27.39,30,30.7055,29.8338
2025-03-17,27.39,27.39,27.39,27.39,0,30.506,29.6011
2025-03-18,27.39,27.39,27.39,27.39,0,30.3065,29.3905
2025-03-19,27.58,27.58,23.58,23.58,200,29.9165,28.8371
2025-03-20,26.24,26.63,25.67,25.67,3200,29.631,28.5355
2025-03-21,26.05,26.05,26.05,26.05,0,29.3645,28.2988
2025-03-24,26.05,26.05,26.05,26.05,0,29.098,28.0846
2025-03-25,26.63,26.63,26.63,26.63,100,28.8605,27.9461
2025-03-26,26.63,26.63,26.63,26.63,0,28.623,27.8207
2025-03-27,26.63,26.63,26.63,26.63,0,28.338,27.7073
2025-03-28,26.63,26.63,26.63,26.63,0,28.053,27.6047
2025-03-31,26.63,26.63,26.63,26.63,100,27.768,27.5119
2025-04-01,26.63,26.63,26.63,26.63,700,27.483,27.4279
2025-04-02,26.63,26.63,26.63,26.63,0,27.198,27.3519
2025-04-03,26.63,26.63,26.63,26.63,0,26.913,27.2832
2025-04-04,26.63,26.63,26.63,26.63,0,26.818,27.2209
2025-04-08,26.63,26.63,26.63,26.63,0,26.723,27.1647
2025-04-09,26.63,26.63,26.63,26.63,100,26.628,27.1137
2025-04-10,26.63,26.63,26.63,26.63,400,26.533,27.0677
2025-04-11,26.63,26.63,26.63,26.63,0,26.4855,27.026
2025-04-14,26.63,26.63,26.63,26.63,0,26.4475,26.9883
2025-04-15,25.2,25.2,25.2,25.2,100,26.338,26.818
2025-04-16,25.2,25.2,25.2,25.2,0,26.2285,26.6639
2025-04-17,25.2,25.2,25.2,25.2,0,26.3095,26.5245
2025-04-18,25.2,25.2,25.2,25.2,0,26.286,26.3983
2025-04-21,25.2,25.2,25.2,25.2,0,26.2435,26.2842
2025-04-22,25.2,25.2,25.2,25.2,0,26.201,26.1809
2025-04-23,25.2,25.2,25.2,25.2,0,26.1295,26.0875
2025-04-24,25.2,25.2,25.2,25.2,0,26.058,26.003
2025-04-25,25.2,25.2,25.2,25.2,0,25.9865,25.9265
2025-04-28,26.15,26.15,23.87,23.87,1500,25.8485,25.7307
2025-04-29,24.63,24.63,24.63,24.63,0,25.7485,25.6258
2025-05-05,24.63,24.63,24.63,24.63,0,25.6485,25.531
2025-05-06,24.63,24.63,24.63,24.63,0,25.5485,25.4452
2025-05-07,24.63,24.63,24.63,24.63,0,25.4485,25.3675
2025-05-08,24.63,24.63,24.63,24.63,0,25.3485,25.2973
2025-05-09,24.63,24.63,24.63,24.63,0,25.2485,25.2338
2025-05-12,24.63,24.63,24.63,24.63,0,25.1485,25.1763
2025-05-13,24.63,24.63,24.63,24.63,0,25.0485,25.1242
2025-05-14,26.63,26.63,26.63,26.63,100,25.0485,25.2676
2025-05-15,26.63,26.63,26.63,26.63,0,25.0485,25.3974
2025-05-16,26.63,26.63,26.63,26.63,13,25.12,25.5148
2025-05-19,26.63,28.53,26.63,28.53,500,25.2865,25.8019
2025-05-20,27.01,27.01,26.63,26.63,400,25.358,25.8808
2025-05-21,26.72,26.72,26.72,26.72,100,25.434,25.9607
2025-05-22,26.72,26.72,26.72,26.72,0,25.51,26.033
2025-05-23,26.72,26.72,26.72,26.72,0,25.586,26.0985
2025-05-26,26.72,26.72,26.72,26.72,0,25.662,26.1577
2025-05-27,26.72,26.72,26.72,26.72,0,25.738,26.2112
2025-05-28,26.72,26.72,26.72,26.72,300,25.814,26.2597
2025-05-29,26.72,26.72,26.72,26.72,0,25.9565,26.3035
2025-05-30,26.72,26.72,26.72,26.72,200,26.061,26.3432
2025-06-02,26.72,26.72,26.72,26.72,0,26.1655,26.3791
2025-06-03,26.72,26.72,26.72,26.72,0,26.27,26.4115
2025-06-04,26.72,26.72,26.72,26.72,0,26.3745,26.4409
2025-06-05,26.72,26.72,26.72,26.72,0,26.479,26.4675
2025-06-06,26.72,26.72,26.72,26.72,0,26.5835,26.4915
2025-06-09,26.72,26.72,26.72,26.72,0,26.688,26.5133
2025-06-10,26.72,26.72,26.72,26.72,0,26.7925,26.533
2025-06-11,26.72,26.72,26.72,26.72,0,26.797,26.5508
2025-06-12,26.72,26.72,26.72,26.72,0,26.8015,26.5669
2025-06-13,26.72,26.72,26.72,26.72,0,26.806,26.5815
2025-06-16,26.72,26.72,26.72,26.72,0,26.7155,26.5947
2025-06-17,26.72,26.72,26.72,26.72,0,26.72,26.6066
2025-06-18,26.72,26.72,26.72,26.72,0,26.72,26.6174
2025-06-19,26.72,26.72,26.72,26.72,0,26.72,26.6272
2025-06-20,26.72,26.72,26.72,26.72,0,26.72,26.636
2025-06-23,26.72,26.72,26.72,26.72,0,26.72,26.644
2025-06-24,26.72,26.72,26.72,26.72,0,26.72,26.6513
2025-06-25,26.72,26.72,26.72,26.72,0,26.72,26.6578
2025-06-26,26.72,26.72,26.72,26.72,0,26.72,26.6637
2025-06-27,26.72,26.72,26.72,26.72,0,26.72,26.6691
2025-06-30,26.72,26.72,26.72,26.72,0,26.72,26.6739
2025-07-01,26.72,26.72,26.72,26.72,0,26.72,26.6783
2025-07-02,26.72,26.72,26.72,26.72,0,26.72,26.6823
2025-07-03,26.72,26.72,26.72,26.72,0,26.72,26.6859
2025-07-04,26.72,26.72,26.72,26.72,0,26.72,26.6891
2025-07-07,26.72,26.72,26.72,26.72,0,26.72,26.6921
2025-07-08,26.72,26.72,26.72,26.72,0,26.72,26.6947
2025-07-09,26.72,26.72,26.72,26.72,0,26.72,26.6971
2025-07-10,26.72,26.72,26.72,26.72,0,26.72,26.6993
2025-07-11,26.72,26.72,26.72,26.72,0,26.72,26.7013
2025-07-14,26.72,26.72,26.72,26.72,500,26.72,26.7031
2025-07-15,26.72,26.72,26.72,26.72,0,26.72,26.7047
2025-07-16,27.48,27.48,27.48,27.48,100,26.758,26.7785
2025-07-17,25.67,25.67,25.67,25.67,100,26.7055,26.6729
2025-07-18,25.67,25.67,25.67,25.67,0,26.653,26.5774
2025-07-21,25.67,25.67,25.67,25.67,1,26.6005,26.491
2025-07-22,27.58,28.05,27.48,28.05,1011,26.667,26.6395
2025-07-23,27.67,27.77,27.67,27.77,300,26.7195,26.7472
2025-07-24,27.77,27.77,27.77,27.77,0,26.772,26.8446
2025-07-25,27.77,27.77,27.77,27.77,0,26.8245,26.9327
2025-07-28,27.77,27.77,27.77,27.77,0,26.877,27.0124
2025-07-29,27.77,27.77,27.77,27.77,0,26.9295,27.0846
2025-07-30,27.77,27.77,27.77,27.77,9,26.982,27.1499
2025-07-31,27.77,27.77,27.77,27.77,0,27.0345,27.2089
2025-08-01,27.77,27.77,27.77,27.77,0,27.087,27.2624
2025-08-04,27.77,27.77,27.77,27.77,0,27.1395,27.3107
2025-08-05,27.77,27.77,27.77,27.77,0,27.192,27.3545
2025-08-06,27.77,27.77,27.77,27.77,0,27.2445,27.394
2025-08-07,27.77,27.77,27.77,27.77,0,27.297,27.4298
2025-08-08,27.77,27.77,27.77,27.77,0,27.3495,27.4622
2025-08-11,27.77,27.77,27.77,27.77,0,27.402,27.4915
2025-08-12,27.77,27.77,27.77,27.77,0,27.4545,27.5181
2025-08-13,27.77,27.77,27.77,27.77,0,27.469,27.5421
2025-08-14,27.77,27.77,27.77,27.77,0,27.574,27.5638
2025-08-15,27.77,27.77,27.77,27.77,0,27.679,27.5834
2025-08-18,27.77,27.77,27.77,27.77,0,27.784,27.6012
2025-08-19,27.77,27.77,27.77,27.77,0,27.77,27.6173
2025-08-20,27.77,27.77,27.77,27.77,1,27.77,27.6318
2025-08-21,27.77,27.77,27.77,27.77,0,27.77,27.645
2025-08-22,27.77,27.77,27.77,27.77,0,27.77,27.6569
2025-08-25,27.77,27.77,27.77,27.77,0,27.77,27.6676
2025-08-26,27.77,27.77,27.77,27.77,0,27.77,27.6774
2025-08-27,27.77,27.77,27.77,27.77,0,27.77,27.6862
2025-08-28,27.77,27.77,27.77,27.77,0,27.77,27.6942
2025-08-29,27.77,27.77,27.77,27.77,0,27.77,27.7014
2025-09-03,27.77,27.77,27.77,27.77,0,27.77,27.7079
2025-09-04,27.77,27.77,27.77,27.77,0,27.77,27.7139
2025-09-05,27.77,27.77,27.77,27.77,0,27.77,27.7192
2025-09-08,27.77,27.77,27.77,27.77,300,27.77,27.724
2025-09-09,27.77,27.77,27.77,27.77,0,27.77,27.7284
2025-09-10,27.1,27.1,27.0,27.0,400,27.7315,27.659
2025-09-11,27.0,27.0,27.0,27.0,0,27.693,27.5963
2025-09-12,27.0,27.0,27.0,27.0,0,27.6545,27.5395
2025-09-15,27.0,27.0,27.0,27.0,0,27.616,27.4881
2025-09-16,27.0,27.0,27.0,27.0,0,27.5775,27.4416
2025-09-17,28.6,28.6,28.6,28.6,409,27.619,27.5519
2025-09-18,29.8,29.8,29.0,29.0,13000,27.6805,27.6899
2025-09-19,29.7,29.7,29.7,29.7,0,27.777,27.8813
2025-09-22,29.0,29.0,29.0,29.0,1000,27.8385,27.9878
